"../../../Engine/Plugins/2D/Paper2D/Content/PlaceholderTextures/DummySpriteTexture.ubulk" 0
"../../../Engine/Plugins/2D/Paper2D/Content/PlaceholderTextures/DummySpriteTexture.uasset" 1
"../../../Engine/Plugins/2D/Paper2D/Content/PlaceholderTextures/DummySpriteTexture.uexp" 2
"../../../Engine/Plugins/2D/Paper2D/Content/DummySprite.uasset" 3
"../../../Engine/Plugins/2D/Paper2D/Content/DummySprite.uexp" 4
"../../../Engine/Plugins/2D/Paper2D/Content/DefaultPaperTerrainMaterial.uasset" 5
"../../../Engine/Plugins/2D/Paper2D/Content/DefaultPaperTerrainMaterial.uexp" 6
"../../../Engine/Content/EngineSounds/Master.uasset" 7
"../../../Engine/Content/EngineSounds/Master.uexp" 8
"../../../Engine/Content/EngineMaterials/DefaultPhysicalMaterial.uasset" 9
"../../../Engine/Content/EngineMaterials/DefaultPhysicalMaterial.uexp" 10
"../../../Engine/Content/EngineMaterials/DefaultDestructiblePhysicalMaterial.uasset" 11
"../../../Engine/Content/EngineMaterials/DefaultDestructiblePhysicalMaterial.uexp" 12
"../../../Engine/Content/EngineFonts/Faces/RobotoLight.uexp" 13
"../../../Engine/Content/EngineFonts/Faces/RobotoLight.uasset" 14
"../../../Engine/Content/EngineFonts/Faces/RobotoLight.ufont" 15
"../../../Engine/Content/EngineFonts/Faces/RobotoBold.uexp" 16
"../../../Engine/Content/EngineFonts/Faces/RobotoBold.uasset" 17
"../../../Engine/Content/EngineFonts/Faces/RobotoBold.ufont" 18
"../../../Engine/Content/EngineFonts/Faces/RobotoRegular.uexp" 19
"../../../Engine/Content/EngineFonts/Faces/RobotoRegular.uasset" 20
"../../../Engine/Content/EngineFonts/Faces/RobotoRegular.ufont" 21
"../../../Engine/Content/EngineFonts/Faces/DroidSansFallback.uexp" 22
"../../../Engine/Content/EngineFonts/Faces/DroidSansFallback.uasset" 23
"../../../Engine/Content/EngineFonts/Faces/DroidSansFallback.ufont" 24
"../../../Engine/Content/EngineFonts/Faces/RobotoItalic.uexp" 25
"../../../Engine/Content/EngineFonts/Faces/RobotoItalic.uasset" 26
"../../../Engine/Content/EngineFonts/Faces/RobotoItalic.ufont" 27
"../../../Engine/Content/EngineFonts/Faces/RobotoBoldItalic.uexp" 28
"../../../Engine/Content/EngineFonts/Faces/RobotoBoldItalic.uasset" 29
"../../../Engine/Content/EngineFonts/Faces/RobotoBoldItalic.ufont" 30
"../../../Engine/Content/EngineFonts/Roboto.uasset" 31
"../../../Engine/Content/EngineFonts/Roboto.uexp" 32
"../../../Engine/Content/Animation/DefaultRecorderBoneCompression.uasset" 33
"../../../Engine/Content/Animation/DefaultRecorderBoneCompression.uexp" 34
"../../../Engine/Plugins/Interchange/Runtime/Content/Pipelines/DefaultTexturePipeline.uasset" 35
"../../../Engine/Plugins/Interchange/Runtime/Content/Pipelines/DefaultTexturePipeline.uexp" 36
"../../../Engine/Plugins/Interchange/Runtime/Content/Pipelines/DefaultSceneLevelPipeline.uasset" 37
"../../../Engine/Plugins/Interchange/Runtime/Content/Pipelines/DefaultSceneLevelPipeline.uexp" 38
"../../../Engine/Plugins/Interchange/Runtime/Content/Pipelines/DefaultSceneAssetsPipeline.uasset" 39
"../../../Engine/Plugins/Interchange/Runtime/Content/Pipelines/DefaultSceneAssetsPipeline.uexp" 40
"../../../Engine/Plugins/Interchange/Runtime/Content/Pipelines/DefaultMaterialXPipeline.uasset" 41
"../../../Engine/Plugins/Interchange/Runtime/Content/Pipelines/DefaultMaterialXPipeline.uexp" 42
"../../../Engine/Plugins/Interchange/Runtime/Content/Pipelines/DefaultMaterialPipeline.uasset" 43
"../../../Engine/Plugins/Interchange/Runtime/Content/Pipelines/DefaultMaterialPipeline.uexp" 44
"../../../Engine/Plugins/Interchange/Runtime/Content/Pipelines/DefaultGLTFSceneAssetsPipeline.uasset" 45
"../../../Engine/Plugins/Interchange/Runtime/Content/Pipelines/DefaultGLTFSceneAssetsPipeline.uexp" 46
"../../../Engine/Plugins/Interchange/Runtime/Content/Pipelines/DefaultGLTFPipeline.uasset" 47
"../../../Engine/Plugins/Interchange/Runtime/Content/Pipelines/DefaultGLTFPipeline.uexp" 48
"../../../Engine/Plugins/Interchange/Runtime/Content/Pipelines/DefaultGLTFAssetsPipeline.uasset" 49
"../../../Engine/Plugins/Interchange/Runtime/Content/Pipelines/DefaultGLTFAssetsPipeline.uexp" 50
"../../../Engine/Plugins/Interchange/Runtime/Content/Pipelines/DefaultAssetsPipeline.uasset" 51
"../../../Engine/Plugins/Interchange/Runtime/Content/Pipelines/DefaultAssetsPipeline.uexp" 52
"../../../Engine/Plugins/Animation/ControlRig/Content/Controls/DefaultGizmoLibraryNormalized.uasset" 53
"../../../Engine/Plugins/Animation/ControlRig/Content/Controls/DefaultGizmoLibraryNormalized.uexp" 54
"../../../Engine/Content/MobileResources/HUD/VirtualJoystick_Background.uasset" 55
"../../../Engine/Content/MobileResources/HUD/VirtualJoystick_Background.uexp" 56
"../../../Engine/Content/MobileResources/HUD/VirtualJoystick_Thumb.uasset" 57
"../../../Engine/Content/MobileResources/HUD/VirtualJoystick_Thumb.uexp" 58
"../../../Engine/Content/MobileResources/HUD/DefaultVirtualJoysticks.uasset" 59
"../../../Engine/Content/MobileResources/HUD/DefaultVirtualJoysticks.uexp" 60
"../../../Engine/Content/EditorResources/S_Actor.ubulk" 61
"../../../Engine/Content/EditorResources/S_Actor.uasset" 62
"../../../Engine/Content/EditorResources/S_Actor.uexp" 63
"../../../Engine/Content/EngineResources/GradientTexture0.uasset" 64
"../../../Engine/Content/EngineResources/GradientTexture0.uexp" 65
"../../../Engine/Content/EngineResources/Black.uasset" 66
"../../../Engine/Content/EngineResources/Black.uexp" 67
"../../../Engine/Content/EngineMaterials/PreintegratedSkinBRDF.uasset" 68
"../../../Engine/Content/EngineMaterials/PreintegratedSkinBRDF.uexp" 69
"../../../Engine/Content/EngineMaterials/MiniFont.uasset" 70
"../../../Engine/Content/EngineMaterials/MiniFont.uexp" 71
"../../../Engine/Content/EngineMaterials/FastBlueNoise_vec2_128x128x64.uasset" 72
"../../../Engine/Content/EngineMaterials/FastBlueNoise_vec2_128x128x64.uexp" 73
"../../../Engine/Content/EngineMaterials/FastBlueNoise_scalar_128x128x64.uasset" 74
"../../../Engine/Content/EngineMaterials/FastBlueNoise_scalar_128x128x64.uexp" 75
"../../../Engine/Content/EngineMaterials/DefaultWhiteGrid.ubulk" 76
"../../../Engine/Content/EngineMaterials/DefaultWhiteGrid.uasset" 77
"../../../Engine/Content/EngineMaterials/DefaultWhiteGrid.uexp" 78
"../../../Engine/Content/EngineMaterials/DefaultBokeh.uasset" 79
"../../../Engine/Content/EngineMaterials/DefaultBokeh.uexp" 80
"../../../Engine/Content/EngineMaterials/DefaultBloomKernel.uasset" 81
"../../../Engine/Content/EngineMaterials/DefaultBloomKernel.uexp" 82
"../../../Engine/Content/EngineDamageTypes/DmgTypeBP_Environmental.uasset" 83
"../../../Engine/Content/EngineDamageTypes/DmgTypeBP_Environmental.uexp" 84
"../../../Engine/Content/EditorResources/S_TriggerSphere.uasset" 85
"../../../Engine/Content/EditorResources/S_TriggerSphere.uexp" 86
"../../../Engine/Content/EditorResources/S_TriggerCapsule.uasset" 87
"../../../Engine/Content/EditorResources/S_TriggerCapsule.uexp" 88
"../../../Engine/Content/EditorResources/S_TriggerBox.uasset" 89
"../../../Engine/Content/EditorResources/S_TriggerBox.uexp" 90
"../../../Engine/Content/EditorResources/S_Trigger.ubulk" 91
"../../../Engine/Content/EditorResources/S_Trigger.uasset" 92
"../../../Engine/Content/EditorResources/S_Trigger.uexp" 93
"../../../Engine/Content/EditorResources/S_Terrain.ubulk" 94
"../../../Engine/Content/EditorResources/S_Terrain.uasset" 95
"../../../Engine/Content/EditorResources/S_Terrain.uexp" 96
"../../../Engine/Content/EditorResources/S_Solver.ubulk" 97
"../../../Engine/Content/EditorResources/S_Solver.uasset" 98
"../../../Engine/Content/EditorResources/S_Solver.uexp" 99
"../../../Engine/Content/EditorResources/S_BoxReflectionCapture.uasset" 100
"../../../Engine/Content/EditorResources/S_BoxReflectionCapture.uexp" 101
"../../../Engine/Content/EditorResources/EmptyActor.uasset" 102
"../../../Engine/Content/EditorResources/EmptyActor.uexp" 103
"../../../Engine/Content/EditorResources/BSPVertex.uasset" 104
"../../../Engine/Content/EditorResources/BSPVertex.uexp" 105
"../../../Engine/Content/EditorLandscapeResources/DefaultAlphaTexture.uasset" 106
"../../../Engine/Content/EditorLandscapeResources/DefaultAlphaTexture.uexp" 107
"../../../Engine/Plugins/Runtime/AudioWidgets/Content/Resources/ScrubHandleDown_Clamped.uasset" 108
"../../../Engine/Plugins/Runtime/AudioWidgets/Content/Resources/ScrubHandleDown_Clamped.uexp" 109
"../../../Engine/Content/EngineResources/FilmGrains/Marcie_Grain_v3_128_M2_000.uasset" 110
"../../../Engine/Content/EngineResources/FilmGrains/Marcie_Grain_v3_128_M2_000.uexp" 111
"../../../Engine/Content/EngineMaterials/LTC/Sheen_LTC.uasset" 112
"../../../Engine/Content/EngineMaterials/LTC/Sheen_LTC.uexp" 113
"../../../Engine/Content/EngineMaterials/LTC/GGX_LTCMat.uasset" 114
"../../../Engine/Content/EngineMaterials/LTC/GGX_LTCMat.uexp" 115
"../../../Engine/Content/EngineMaterials/LTC/GGX_LTCAmp.uasset" 116
"../../../Engine/Content/EngineMaterials/LTC/GGX_LTCAmp.uexp" 117
"../../../Engine/Content/EngineMaterials/EnergyConservation/Sheen_Energy.uasset" 118
"../../../Engine/Content/EngineMaterials/EnergyConservation/Sheen_Energy.uexp" 119
"../../../Engine/Content/EngineMaterials/EnergyConservation/SheenLegacy_Energy.uasset" 120
"../../../Engine/Content/EngineMaterials/EnergyConservation/SheenLegacy_Energy.uexp" 121
"../../../Engine/Content/EngineMaterials/EnergyConservation/GGX_TransmissionEnergyArray.uasset" 122
"../../../Engine/Content/EngineMaterials/EnergyConservation/GGX_TransmissionEnergyArray.uexp" 123
"../../../Engine/Content/EngineMaterials/EnergyConservation/GGX_ReflectionEnergy.uasset" 124
"../../../Engine/Content/EngineMaterials/EnergyConservation/GGX_ReflectionEnergy.uexp" 125
"../../../Engine/Content/EngineMaterials/EnergyConservation/Diffuse_Energy.uasset" 126
"../../../Engine/Content/EngineMaterials/EnergyConservation/Diffuse_Energy.uexp" 127
"../../../Engine/Content/EditorResources/SequenceRecorder/RecordingIndicator.uasset" 128
"../../../Engine/Content/EditorResources/SequenceRecorder/RecordingIndicator.uexp" 129
"../../../Engine/Content/EditorResources/SequenceRecorder/Countdown.uasset" 130
"../../../Engine/Content/EditorResources/SequenceRecorder/Countdown.uexp" 131
"../../../Engine/Content/EditorMaterials/ParticleSystems/PSysThumbnail_OOD.ubulk" 132
"../../../Engine/Content/EditorMaterials/ParticleSystems/PSysThumbnail_OOD.uasset" 133
"../../../Engine/Content/EditorMaterials/ParticleSystems/PSysThumbnail_OOD.uexp" 134
"../../../Engine/Content/EditorMaterials/ParticleSystems/PSysThumbnail_NoImage.ubulk" 135
"../../../Engine/Content/EditorMaterials/ParticleSystems/PSysThumbnail_NoImage.uasset" 136
"../../../Engine/Content/EditorMaterials/ParticleSystems/PSysThumbnail_NoImage.uexp" 137
"E:/Data/GithubData/GroupProject4/Team4Project/Content/BluePrint/Core/Player/BP_PC.uasset" 138
"E:/Data/GithubData/GroupProject4/Team4Project/Content/BluePrint/Core/Player/BP_PC.uexp" 139
"E:/Data/GithubData/GroupProject4/Team4Project/Content/BluePrint/Core/Player/Input/IA_AxisRight.uasset" 140
"E:/Data/GithubData/GroupProject4/Team4Project/Content/BluePrint/Core/Player/Input/IA_AxisRight.uexp" 141
"E:/Data/GithubData/GroupProject4/Team4Project/Content/BluePrint/Core/Player/Input/IA_AxisRotationUp.uasset" 142
"E:/Data/GithubData/GroupProject4/Team4Project/Content/BluePrint/Core/Player/Input/IA_AxisRotationUp.uexp" 143
"E:/Data/GithubData/GroupProject4/Team4Project/Content/BluePrint/Core/Player/Input/IA_UpgradeTower.uasset" 144
"E:/Data/GithubData/GroupProject4/Team4Project/Content/BluePrint/Core/Player/Input/IA_UpgradeTower.uexp" 145
"E:/Data/GithubData/GroupProject4/Team4Project/Content/BluePrint/Core/Player/Input/IA_RemoveTower.uasset" 146
"E:/Data/GithubData/GroupProject4/Team4Project/Content/BluePrint/Core/Player/Input/IA_RemoveTower.uexp" 147
"E:/Data/GithubData/GroupProject4/Team4Project/Content/BluePrint/Core/Player/Input/IA_RotateHoveredTile.uasset" 148
"E:/Data/GithubData/GroupProject4/Team4Project/Content/BluePrint/Core/Player/Input/IA_RotateHoveredTile.uexp" 149
"E:/Data/GithubData/GroupProject4/Team4Project/Content/BluePrint/Core/Player/Input/IA_LookAround.uasset" 150
"E:/Data/GithubData/GroupProject4/Team4Project/Content/BluePrint/Core/Player/Input/IA_LookAround.uexp" 151
"E:/Data/GithubData/GroupProject4/Team4Project/Content/BluePrint/Core/Player/Input/IA_MouseLeftClick.uasset" 152
"E:/Data/GithubData/GroupProject4/Team4Project/Content/BluePrint/Core/Player/Input/IA_MouseLeftClick.uexp" 153
"E:/Data/GithubData/GroupProject4/Team4Project/Content/BluePrint/Core/Player/Input/IA_PlayerMovement.uasset" 154
"E:/Data/GithubData/GroupProject4/Team4Project/Content/BluePrint/Core/Player/Input/IA_PlayerMovement.uexp" 155
"E:/Data/GithubData/GroupProject4/Team4Project/Content/BluePrint/Core/Player/Input/IA_ActiveJump.uasset" 156
"E:/Data/GithubData/GroupProject4/Team4Project/Content/BluePrint/Core/Player/Input/IA_ActiveJump.uexp" 157
"E:/Data/GithubData/GroupProject4/Team4Project/Content/BluePrint/Core/Player/Input/IA_AxisZoom.uasset" 158
"E:/Data/GithubData/GroupProject4/Team4Project/Content/BluePrint/Core/Player/Input/IA_AxisZoom.uexp" 159
"E:/Data/GithubData/GroupProject4/Team4Project/Content/BluePrint/Core/Player/Input/IA_AxisRotationRight.uasset" 160
"E:/Data/GithubData/GroupProject4/Team4Project/Content/BluePrint/Core/Player/Input/IA_AxisRotationRight.uexp" 161
"E:/Data/GithubData/GroupProject4/Team4Project/Content/BluePrint/Core/Player/Input/IA_MouseRightClick.uasset" 162
"E:/Data/GithubData/GroupProject4/Team4Project/Content/BluePrint/Core/Player/Input/IA_MouseRightClick.uexp" 163
"E:/Data/GithubData/GroupProject4/Team4Project/Content/BluePrint/Core/Player/Input/IA_SkipBreakTime.uasset" 164
"E:/Data/GithubData/GroupProject4/Team4Project/Content/BluePrint/Core/Player/Input/IA_SkipBreakTime.uexp" 165
"E:/Data/GithubData/GroupProject4/Team4Project/Content/BluePrint/Core/Player/Input/IA_PauseGame.uasset" 166
"E:/Data/GithubData/GroupProject4/Team4Project/Content/BluePrint/Core/Player/Input/IA_PauseGame.uexp" 167
"E:/Data/GithubData/GroupProject4/Team4Project/Content/BluePrint/Core/Player/Input/IA_ControllerPossessSwitch.uasset" 168
"E:/Data/GithubData/GroupProject4/Team4Project/Content/BluePrint/Core/Player/Input/IA_ControllerPossessSwitch.uexp" 169
"E:/Data/GithubData/GroupProject4/Team4Project/Content/BluePrint/Core/Player/Input/IA_AxisRotationDown.uasset" 170
"E:/Data/GithubData/GroupProject4/Team4Project/Content/BluePrint/Core/Player/Input/IA_AxisRotationDown.uexp" 171
"E:/Data/GithubData/GroupProject4/Team4Project/Content/BluePrint/Core/Player/Input/IA_QuickChooseWeapon.uasset" 172
"E:/Data/GithubData/GroupProject4/Team4Project/Content/BluePrint/Core/Player/Input/IA_QuickChooseWeapon.uexp" 173
"E:/Data/GithubData/GroupProject4/Team4Project/Content/BluePrint/Core/Player/Input/IA_AxisForward.uasset" 174
"E:/Data/GithubData/GroupProject4/Team4Project/Content/BluePrint/Core/Player/Input/IA_AxisForward.uexp" 175
"E:/Data/GithubData/GroupProject4/Team4Project/Content/BluePrint/Core/Player/Input/IA_SlotSwitch.uasset" 176
"E:/Data/GithubData/GroupProject4/Team4Project/Content/BluePrint/Core/Player/Input/IA_SlotSwitch.uexp" 177
"E:/Data/GithubData/GroupProject4/Team4Project/Content/BluePrint/Core/Player/Input/IA_AxisRotationLeft.uasset" 178
"E:/Data/GithubData/GroupProject4/Team4Project/Content/BluePrint/Core/Player/Input/IA_AxisRotationLeft.uexp" 179
"E:/Data/GithubData/GroupProject4/Team4Project/Content/BluePrint/Core/Player/Input/IMC_PlayerAction.uasset" 180
"E:/Data/GithubData/GroupProject4/Team4Project/Content/BluePrint/Core/Player/Input/IMC_PlayerAction.uexp" 181
"E:/Data/GithubData/GroupProject4/Team4Project/Content/AdvancedLocomotionV4/CharacterAssets/MannequinSkeleton/ALS_Mannequin_Skeleton.uasset" 182
"E:/Data/GithubData/GroupProject4/Team4Project/Content/AdvancedLocomotionV4/CharacterAssets/MannequinSkeleton/ALS_Mannequin_Skeleton.uexp" 183
"E:/Data/GithubData/GroupProject4/Team4Project/Content/Demo/ArtResource/Unit/character_2_PhysicsAsset.uasset" 184
"E:/Data/GithubData/GroupProject4/Team4Project/Content/Demo/ArtResource/Unit/character_2_PhysicsAsset.uexp" 185
"E:/Data/GithubData/GroupProject4/Team4Project/Content/Demo/ArtResource/Textures/character/Metallic.ubulk" 186
"E:/Data/GithubData/GroupProject4/Team4Project/Content/Demo/ArtResource/Textures/character/Metallic.uasset" 187
"E:/Data/GithubData/GroupProject4/Team4Project/Content/Demo/ArtResource/Textures/character/Metallic.uexp" 188
"E:/Data/GithubData/GroupProject4/Team4Project/Content/Demo/ArtResource/Textures/character/Roughness.ubulk" 189
"E:/Data/GithubData/GroupProject4/Team4Project/Content/Demo/ArtResource/Textures/character/Roughness.uasset" 190
"E:/Data/GithubData/GroupProject4/Team4Project/Content/Demo/ArtResource/Textures/character/Roughness.uexp" 191
"E:/Data/GithubData/GroupProject4/Team4Project/Content/Demo/ArtResource/Textures/character/BaseColor.ubulk" 192
"E:/Data/GithubData/GroupProject4/Team4Project/Content/Demo/ArtResource/Textures/character/BaseColor.uasset" 193
"E:/Data/GithubData/GroupProject4/Team4Project/Content/Demo/ArtResource/Textures/character/BaseColor.uexp" 194
"E:/Data/GithubData/GroupProject4/Team4Project/Content/Demo/ArtResource/Textures/character/Normal.ubulk" 195
"E:/Data/GithubData/GroupProject4/Team4Project/Content/Demo/ArtResource/Textures/character/Normal.uasset" 196
"E:/Data/GithubData/GroupProject4/Team4Project/Content/Demo/ArtResource/Textures/character/Normal.uexp" 197
"E:/Data/GithubData/GroupProject4/Team4Project/Content/Demo/ArtResource/Unit/MI_character.uasset" 198
"E:/Data/GithubData/GroupProject4/Team4Project/Content/Demo/ArtResource/Unit/MI_character.uexp" 199
"E:/Data/GithubData/GroupProject4/Team4Project/Content/Demo/ArtResource/Unit/MA_character_Inst.uasset" 200
"E:/Data/GithubData/GroupProject4/Team4Project/Content/Demo/ArtResource/Unit/MA_character_Inst.uexp" 201
"E:/Data/GithubData/GroupProject4/Team4Project/Content/Demo/ArtResource/Unit/character_2.uasset" 202
"E:/Data/GithubData/GroupProject4/Team4Project/Content/Demo/ArtResource/Unit/character_2.uexp" 203
"E:/Data/GithubData/GroupProject4/Team4Project/Content/BluePrint/Core/Weapon/Utilities/Enum_WeaponType.uasset" 204
"E:/Data/GithubData/GroupProject4/Team4Project/Content/BluePrint/Core/Weapon/Utilities/Enum_WeaponType.uexp" 205
"E:/Data/GithubData/GroupProject4/Team4Project/Content/BluePrint/Core/Tower/Utilities/Enum_TowerType.uasset" 206
"E:/Data/GithubData/GroupProject4/Team4Project/Content/BluePrint/Core/Tower/Utilities/Enum_TowerType.uexp" 207
"E:/Data/GithubData/GroupProject4/Team4Project/Content/BluePrint/Core/Player/Utilities/Enum_SlotType.uasset" 208
"E:/Data/GithubData/GroupProject4/Team4Project/Content/BluePrint/Core/Player/Utilities/Enum_SlotType.uexp" 209
"E:/Data/GithubData/GroupProject4/Team4Project/Content/BluePrint/Core/Weapon/Utilities/S_Weapon_Asset.uasset" 210
"E:/Data/GithubData/GroupProject4/Team4Project/Content/BluePrint/Core/Weapon/Utilities/S_Weapon_Asset.uexp" 211
"E:/Data/GithubData/GroupProject4/Team4Project/Content/Demo/ArtResource/Textures/CombatIcon/T_RemoveTower2.ubulk" 212
"E:/Data/GithubData/GroupProject4/Team4Project/Content/Demo/ArtResource/Textures/CombatIcon/T_RemoveTower2.uasset" 213
"E:/Data/GithubData/GroupProject4/Team4Project/Content/Demo/ArtResource/Textures/CombatIcon/T_RemoveTower2.uexp" 214
"E:/Data/GithubData/GroupProject4/Team4Project/Content/BluePrint/Core/Tower/Utilities/Enum_TowerBuildTileType.uasset" 215
"E:/Data/GithubData/GroupProject4/Team4Project/Content/BluePrint/Core/Tower/Utilities/Enum_TowerBuildTileType.uexp" 216
"E:/Data/GithubData/GroupProject4/Team4Project/Content/BluePrint/Core/Tower/Utilities/S_TowerData_Stats_Numerical.uasset" 217
"E:/Data/GithubData/GroupProject4/Team4Project/Content/BluePrint/Core/Tower/Utilities/S_TowerData_Stats_Numerical.uexp" 218
"E:/Data/GithubData/GroupProject4/Team4Project/Content/BluePrint/Core/Tower/Utilities/Enum_TowerAttackDirection.uasset" 219
"E:/Data/GithubData/GroupProject4/Team4Project/Content/BluePrint/Core/Tower/Utilities/Enum_TowerAttackDirection.uexp" 220
"E:/Data/GithubData/GroupProject4/Team4Project/Content/BluePrint/Core/Tower/Utilities/Enum_AttackTargetType.uasset" 221
"E:/Data/GithubData/GroupProject4/Team4Project/Content/BluePrint/Core/Tower/Utilities/Enum_AttackTargetType.uexp" 222
"E:/Data/GithubData/GroupProject4/Team4Project/Content/BluePrint/Core/Tower/Utilities/S_DefenseTower_GeometryCacheAsset.uasset" 223
"E:/Data/GithubData/GroupProject4/Team4Project/Content/BluePrint/Core/Tower/Utilities/S_DefenseTower_GeometryCacheAsset.uexp" 224
"E:/Data/GithubData/GroupProject4/Team4Project/Content/BluePrint/Core/Tower/Utilities/S_DefenseTower_Asset.uasset" 225
"E:/Data/GithubData/GroupProject4/Team4Project/Content/BluePrint/Core/Tower/Utilities/S_DefenseTower_Asset.uexp" 226
"E:/Data/GithubData/GroupProject4/Team4Project/Content/BluePrint/Core/Tower/Utilities/S_DefenseTowerData.uasset" 227
"E:/Data/GithubData/GroupProject4/Team4Project/Content/BluePrint/Core/Tower/Utilities/S_DefenseTowerData.uexp" 228
"E:/Data/GithubData/GroupProject4/Team4Project/Content/Demo/ArtResource/Tower/TowerIcon_IymphocyteShooter2.ubulk" 229
"E:/Data/GithubData/GroupProject4/Team4Project/Content/Demo/ArtResource/Tower/TowerIcon_IymphocyteShooter2.uasset" 230
"E:/Data/GithubData/GroupProject4/Team4Project/Content/Demo/ArtResource/Tower/TowerIcon_IymphocyteShooter2.uexp" 231
"E:/Data/GithubData/GroupProject4/Team4Project/Content/Demo/ArtResource/Tower/TowerIcon_AntibioticsCapsule2.ubulk" 232
"E:/Data/GithubData/GroupProject4/Team4Project/Content/Demo/ArtResource/Tower/TowerIcon_AntibioticsCapsule2.uasset" 233
"E:/Data/GithubData/GroupProject4/Team4Project/Content/Demo/ArtResource/Tower/TowerIcon_AntibioticsCapsule2.uexp" 234
"../../../Engine/Content/EngineMaterials/T_Default_Material_Grid_M.ubulk" 235
"../../../Engine/Content/EngineMaterials/T_Default_Material_Grid_M.uasset" 236
"../../../Engine/Content/EngineMaterials/T_Default_Material_Grid_M.uexp" 237
"../../../Engine/Content/EngineMaterials/T_Default_Material_Grid_N.ubulk" 238
"../../../Engine/Content/EngineMaterials/T_Default_Material_Grid_N.uasset" 239
"../../../Engine/Content/EngineMaterials/T_Default_Material_Grid_N.uexp" 240
"../../../Engine/Content/Functions/Engine_MaterialFunctions01/Opacity/CameraDepthFade.uasset" 241
"../../../Engine/Content/Functions/Engine_MaterialFunctions01/Opacity/CameraDepthFade.uexp" 242
"../../../Engine/Content/EngineMaterials/WorldGridMaterial.uasset" 243
"../../../Engine/Content/EngineMaterials/WorldGridMaterial.uexp" 244
"E:/Data/GithubData/GroupProject4/Team4Project/Content/Demo/ArtResource/Model/AntibioticsTheCapsuleLevel2.ubulk" 245
"E:/Data/GithubData/GroupProject4/Team4Project/Content/Demo/ArtResource/Model/AntibioticsTheCapsuleLevel2.uasset" 246
"E:/Data/GithubData/GroupProject4/Team4Project/Content/Demo/ArtResource/Model/AntibioticsTheCapsuleLevel2.uexp" 247
"E:/Data/GithubData/GroupProject4/Team4Project/Content/Demo/ArtResource/Anim/tower/Cap/Anim_cap_idle_PhysicsAsset.uasset" 248
"E:/Data/GithubData/GroupProject4/Team4Project/Content/Demo/ArtResource/Anim/tower/Cap/Anim_cap_idle_PhysicsAsset.uexp" 249
"E:/Data/GithubData/GroupProject4/Team4Project/Content/Demo/ArtResource/Anim/tower/Cap/Anim_cap_idle_Skeleton.uasset" 250
"E:/Data/GithubData/GroupProject4/Team4Project/Content/Demo/ArtResource/Anim/tower/Cap/Anim_cap_idle_Skeleton.uexp" 251
"E:/Data/GithubData/GroupProject4/Team4Project/Content/Demo/ArtResource/Textures/tower/cap_Metallic.ubulk" 252
"E:/Data/GithubData/GroupProject4/Team4Project/Content/Demo/ArtResource/Textures/tower/cap_Metallic.uasset" 253
"E:/Data/GithubData/GroupProject4/Team4Project/Content/Demo/ArtResource/Textures/tower/cap_Metallic.uexp" 254
"E:/Data/GithubData/GroupProject4/Team4Project/Content/Demo/ArtResource/Textures/tower/cap_BaseColor.ubulk" 255
"E:/Data/GithubData/GroupProject4/Team4Project/Content/Demo/ArtResource/Textures/tower/cap_BaseColor.uasset" 256
"E:/Data/GithubData/GroupProject4/Team4Project/Content/Demo/ArtResource/Textures/tower/cap_BaseColor.uexp" 257
"E:/Data/GithubData/GroupProject4/Team4Project/Content/Demo/ArtResource/Textures/tower/cap_Roughness.ubulk" 258
"E:/Data/GithubData/GroupProject4/Team4Project/Content/Demo/ArtResource/Textures/tower/cap_Roughness.uasset" 259
"E:/Data/GithubData/GroupProject4/Team4Project/Content/Demo/ArtResource/Textures/tower/cap_Roughness.uexp" 260
"../../../Engine/Content/Functions/Engine_MaterialFunctions02/Utility/AppendMany.uasset" 261
"../../../Engine/Content/Functions/Engine_MaterialFunctions02/Utility/AppendMany.uexp" 262
"E:/Data/GithubData/GroupProject4/Team4Project/Content/Tool/MA_Blend_Met/CoreContent/WATER_Material_Function/MF_FourNormalCombine.uasset" 263
"E:/Data/GithubData/GroupProject4/Team4Project/Content/Tool/MA_Blend_Met/CoreContent/WATER_Material_Function/MF_FourNormalCombine.uexp" 264
"E:/Data/GithubData/GroupProject4/Team4Project/Content/Tool/MA_Blend_Met/CoreContent/textures/rain_ripples.ubulk" 265
"E:/Data/GithubData/GroupProject4/Team4Project/Content/Tool/MA_Blend_Met/CoreContent/textures/rain_ripples.uasset" 266
"E:/Data/GithubData/GroupProject4/Team4Project/Content/Tool/MA_Blend_Met/CoreContent/textures/rain_ripples.uexp" 267
"../../../Engine/Content/Functions/Engine_MaterialFunctions02/Math/Pi.uasset" 268
"../../../Engine/Content/Functions/Engine_MaterialFunctions02/Math/Pi.uexp" 269
"E:/Data/GithubData/GroupProject4/Team4Project/Content/Tool/MA_Blend_Met/CoreContent/WATER_Material_Function/MF_Ripple.uasset" 270
"E:/Data/GithubData/GroupProject4/Team4Project/Content/Tool/MA_Blend_Met/CoreContent/WATER_Material_Function/MF_Ripple.uexp" 271
"E:/Data/GithubData/GroupProject4/Team4Project/Content/Tool/MA_Blend_Met/CoreContent/WATER_Material_Function/MF_RippleS.uasset" 272
"E:/Data/GithubData/GroupProject4/Team4Project/Content/Tool/MA_Blend_Met/CoreContent/WATER_Material_Function/MF_RippleS.uexp" 273
"../../../Engine/Content/EngineMaterials/DefaultDiffuse.ubulk" 274
"../../../Engine/Content/EngineMaterials/DefaultDiffuse.uasset" 275
"../../../Engine/Content/EngineMaterials/DefaultDiffuse.uexp" 276
"../../../Engine/Content/Functions/Engine_MaterialFunctions02/Utility/VectorToRadialValue.uasset" 277
"../../../Engine/Content/Functions/Engine_MaterialFunctions02/Utility/VectorToRadialValue.uexp" 278
"E:/Data/GithubData/GroupProject4/Team4Project/Content/Tool/MA_Blend_Met/CoreContent/textures/water_01a_n.ubulk" 279
"E:/Data/GithubData/GroupProject4/Team4Project/Content/Tool/MA_Blend_Met/CoreContent/textures/water_01a_n.uasset" 280
"E:/Data/GithubData/GroupProject4/Team4Project/Content/Tool/MA_Blend_Met/CoreContent/textures/water_01a_n.uexp" 281
"../../../Engine/Content/Engine_MI_Shaders/T_Base_Tile_Normal.ubulk" 282
"../../../Engine/Content/Engine_MI_Shaders/T_Base_Tile_Normal.uasset" 283
"../../../Engine/Content/Engine_MI_Shaders/T_Base_Tile_Normal.uexp" 284
"../../../Engine/Content/Functions/Engine_MaterialFunctions03/ComplexMotion/Motion_4WayChaos_Normal.uasset" 285
"../../../Engine/Content/Functions/Engine_MaterialFunctions03/ComplexMotion/Motion_4WayChaos_Normal.uexp" 286
"E:/Data/GithubData/GroupProject4/Team4Project/Content/Tool/MA_Blend_Met/CoreContent/WATER_Material_Function/MF_WaterColor.uasset" 287
"E:/Data/GithubData/GroupProject4/Team4Project/Content/Tool/MA_Blend_Met/CoreContent/WATER_Material_Function/MF_WaterColor.uexp" 288
"E:/Data/GithubData/GroupProject4/Team4Project/Content/Tool/MA_Blend_Met/CoreContent/curves/topuv.uasset" 289
"E:/Data/GithubData/GroupProject4/Team4Project/Content/Tool/MA_Blend_Met/CoreContent/curves/topuv.uexp" 290
"E:/Data/GithubData/GroupProject4/Team4Project/Content/Tool/MA_Blend_Met/CoreContent/curves/water_uv.uasset" 291
"E:/Data/GithubData/GroupProject4/Team4Project/Content/Tool/MA_Blend_Met/CoreContent/curves/water_uv.uexp" 292
"E:/Data/GithubData/GroupProject4/Team4Project/Content/Tool/MA_Blend_Met/CoreContent/curves/base_uv.uasset" 293
"E:/Data/GithubData/GroupProject4/Team4Project/Content/Tool/MA_Blend_Met/CoreContent/curves/base_uv.uexp" 294
"../../../Engine/Content/EngineMaterials/BlendFunc_DefBlend.uasset" 295
"../../../Engine/Content/EngineMaterials/BlendFunc_DefBlend.uexp" 296
"E:/Data/GithubData/GroupProject4/Team4Project/Content/Tool/MA_Blend_Met/CoreContent/textures/water_moss_01a_ORH.ubulk" 297
"E:/Data/GithubData/GroupProject4/Team4Project/Content/Tool/MA_Blend_Met/CoreContent/textures/water_moss_01a_ORH.uasset" 298
"E:/Data/GithubData/GroupProject4/Team4Project/Content/Tool/MA_Blend_Met/CoreContent/textures/water_moss_01a_ORH.uexp" 299
"E:/Data/GithubData/GroupProject4/Team4Project/Content/Tool/MA_Blend_Met/CoreContent/curves/topalpha.uasset" 300
"E:/Data/GithubData/GroupProject4/Team4Project/Content/Tool/MA_Blend_Met/CoreContent/curves/topalpha.uexp" 301
"E:/Data/GithubData/GroupProject4/Team4Project/Content/Tool/MA_Blend_Met/CoreContent/LayerFunctions/Top/MF_TopLayerTessellation.uasset" 302
"E:/Data/GithubData/GroupProject4/Team4Project/Content/Tool/MA_Blend_Met/CoreContent/LayerFunctions/Top/MF_TopLayerTessellation.uexp" 303
"../../../Engine/Content/Functions/Engine_MaterialFunctions03/ComplexMotion/Motion_4WayChaos.uasset" 304
"../../../Engine/Content/Functions/Engine_MaterialFunctions03/ComplexMotion/Motion_4WayChaos.uexp" 305
"E:/Data/GithubData/GroupProject4/Team4Project/Content/Tool/MA_Blend_Met/CoreContent/LayerFunctions/Middle/MF_MiddleLayerAdjustments.uasset" 306
"E:/Data/GithubData/GroupProject4/Team4Project/Content/Tool/MA_Blend_Met/CoreContent/LayerFunctions/Middle/MF_MiddleLayerAdjustments.uexp" 307
"E:/Data/GithubData/GroupProject4/Team4Project/Content/Tool/MA_Blend_Met/CoreContent/textures/water_moss_01a_N.ubulk" 308
"E:/Data/GithubData/GroupProject4/Team4Project/Content/Tool/MA_Blend_Met/CoreContent/textures/water_moss_01a_N.uasset" 309
"E:/Data/GithubData/GroupProject4/Team4Project/Content/Tool/MA_Blend_Met/CoreContent/textures/water_moss_01a_N.uexp" 310
"../../../Engine/Content/Functions/Engine_MaterialFunctions02/Texturing/CustomRotator.uasset" 311
"../../../Engine/Content/Functions/Engine_MaterialFunctions02/Texturing/CustomRotator.uexp" 312
"E:/Data/GithubData/GroupProject4/Team4Project/Content/Tool/MA_Blend_Met/CoreContent/textures/water_moss_01a_D.ubulk" 313
"E:/Data/GithubData/GroupProject4/Team4Project/Content/Tool/MA_Blend_Met/CoreContent/textures/water_moss_01a_D.uasset" 314
"E:/Data/GithubData/GroupProject4/Team4Project/Content/Tool/MA_Blend_Met/CoreContent/textures/water_moss_01a_D.uexp" 315
"../../../Engine/Content/Functions/Engine_MaterialFunctions02/Utility/BlendAngleCorrectedNormals.uasset" 316
"../../../Engine/Content/Functions/Engine_MaterialFunctions02/Utility/BlendAngleCorrectedNormals.uexp" 317
"../../../Engine/Content/Functions/Engine_MaterialFunctions01/Gradient/LinearGradient.uasset" 318
"../../../Engine/Content/Functions/Engine_MaterialFunctions01/Gradient/LinearGradient.uexp" 319
"../../../Engine/Content/Functions/Engine_MaterialFunctions01/ImageAdjustment/CheapContrast.uasset" 320
"../../../Engine/Content/Functions/Engine_MaterialFunctions01/ImageAdjustment/CheapContrast.uexp" 321
"E:/Data/GithubData/GroupProject4/Team4Project/Content/Tool/MA_Blend_Met/CoreContent/LayerFunctions/MF_MaterialBlend.uasset" 322
"E:/Data/GithubData/GroupProject4/Team4Project/Content/Tool/MA_Blend_Met/CoreContent/LayerFunctions/MF_MaterialBlend.uexp" 323
"../../../Engine/Content/EngineMaterials/BlendFunc_DefBase.uasset" 324
"../../../Engine/Content/EngineMaterials/BlendFunc_DefBase.uexp" 325
"../../../Engine/Content/Functions/Engine_MaterialFunctions03/Blends/Blend_Overlay.uasset" 326
"../../../Engine/Content/Functions/Engine_MaterialFunctions03/Blends/Blend_Overlay.uexp" 327
"E:/Data/GithubData/GroupProject4/Team4Project/Content/Tool/MA_Blend_Met/CoreContent/textures/T_Leaves2_ORH.ubulk" 328
"E:/Data/GithubData/GroupProject4/Team4Project/Content/Tool/MA_Blend_Met/CoreContent/textures/T_Leaves2_ORH.uasset" 329
"E:/Data/GithubData/GroupProject4/Team4Project/Content/Tool/MA_Blend_Met/CoreContent/textures/T_Leaves2_ORH.uexp" 330
"../../../Engine/Content/Functions/MaterialLayerFunctions/MatLayerBlend_NormalBlend.uasset" 331
"../../../Engine/Content/Functions/MaterialLayerFunctions/MatLayerBlend_NormalBlend.uexp" 332
"E:/Data/GithubData/GroupProject4/Team4Project/Content/Tool/MA_Blend_Met/CoreContent/curves/basealpha.uasset" 333
"E:/Data/GithubData/GroupProject4/Team4Project/Content/Tool/MA_Blend_Met/CoreContent/curves/basealpha.uexp" 334
"E:/Data/GithubData/GroupProject4/Team4Project/Content/Tool/MA_Blend_Met/CoreContent/LayerFunctions/MF_Displacement.uasset" 335
"E:/Data/GithubData/GroupProject4/Team4Project/Content/Tool/MA_Blend_Met/CoreContent/LayerFunctions/MF_Displacement.uexp" 336
"E:/Data/GithubData/GroupProject4/Team4Project/Content/Tool/MA_Blend_Met/CoreContent/textures/T_Ocean_Foam.ubulk" 337
"E:/Data/GithubData/GroupProject4/Team4Project/Content/Tool/MA_Blend_Met/CoreContent/textures/T_Ocean_Foam.uasset" 338
"E:/Data/GithubData/GroupProject4/Team4Project/Content/Tool/MA_Blend_Met/CoreContent/textures/T_Ocean_Foam.uexp" 339
"E:/Data/GithubData/GroupProject4/Team4Project/Content/Tool/MA_Blend_Met/CoreContent/textures/T_Ocean_Foam_3.ubulk" 340
"E:/Data/GithubData/GroupProject4/Team4Project/Content/Tool/MA_Blend_Met/CoreContent/textures/T_Ocean_Foam_3.uasset" 341
"E:/Data/GithubData/GroupProject4/Team4Project/Content/Tool/MA_Blend_Met/CoreContent/textures/T_Ocean_Foam_3.uexp" 342
"../../../Engine/Content/ArtTools/RenderToTexture/Textures/127grey.uasset" 343
"../../../Engine/Content/ArtTools/RenderToTexture/Textures/127grey.uexp" 344
"E:/Data/GithubData/GroupProject4/Team4Project/Content/Tool/MA_Blend_Met/CoreContent/LayerFunctions/MF_NormalCorrection.uasset" 345
"E:/Data/GithubData/GroupProject4/Team4Project/Content/Tool/MA_Blend_Met/CoreContent/LayerFunctions/MF_NormalCorrection.uexp" 346
"../../../Engine/Content/EngineMaterials/DefaultNormal.ubulk" 347
"../../../Engine/Content/EngineMaterials/DefaultNormal.uasset" 348
"../../../Engine/Content/EngineMaterials/DefaultNormal.uexp" 349
"E:/Data/GithubData/GroupProject4/Team4Project/Content/Tool/MA_Blend_Met/CoreContent/LayerFunctions/Middle/MF_MiddleLayerTessellation.uasset" 350
"E:/Data/GithubData/GroupProject4/Team4Project/Content/Tool/MA_Blend_Met/CoreContent/LayerFunctions/Middle/MF_MiddleLayerTessellation.uexp" 351
"E:/Data/GithubData/GroupProject4/Team4Project/Content/Tool/MA_Blend_Met/CoreContent/LayerFunctions/Middle/MF_MiddleLayerTextures.uasset" 352
"E:/Data/GithubData/GroupProject4/Team4Project/Content/Tool/MA_Blend_Met/CoreContent/LayerFunctions/Middle/MF_MiddleLayerTextures.uexp" 353
"E:/Data/GithubData/GroupProject4/Team4Project/Content/Tool/MA_Blend_Met/CoreContent/curves/wateralpha.uasset" 354
"E:/Data/GithubData/GroupProject4/Team4Project/Content/Tool/MA_Blend_Met/CoreContent/curves/wateralpha.uexp" 355
"E:/Data/GithubData/GroupProject4/Team4Project/Content/Tool/MA_Blend_Met/CoreContent/curves/curveatlas.uasset" 356
"E:/Data/GithubData/GroupProject4/Team4Project/Content/Tool/MA_Blend_Met/CoreContent/curves/curveatlas.uexp" 357
"E:/Data/GithubData/GroupProject4/Team4Project/Content/Tool/MA_Blend_Met/CoreContent/textures/T_Leaves2_N.ubulk" 358
"E:/Data/GithubData/GroupProject4/Team4Project/Content/Tool/MA_Blend_Met/CoreContent/textures/T_Leaves2_N.uasset" 359
"E:/Data/GithubData/GroupProject4/Team4Project/Content/Tool/MA_Blend_Met/CoreContent/textures/T_Leaves2_N.uexp" 360
"E:/Data/GithubData/GroupProject4/Team4Project/Content/Tool/MA_Blend_Met/CoreContent/LayerFunctions/Top/MF_TopLayerTextures.uasset" 361
"E:/Data/GithubData/GroupProject4/Team4Project/Content/Tool/MA_Blend_Met/CoreContent/LayerFunctions/Top/MF_TopLayerTextures.uexp" 362
"E:/Data/GithubData/GroupProject4/Team4Project/Content/Tool/MA_Blend_Met/CoreContent/WATER_Material_Function/MF_GerstnerWave.uasset" 363
"E:/Data/GithubData/GroupProject4/Team4Project/Content/Tool/MA_Blend_Met/CoreContent/WATER_Material_Function/MF_GerstnerWave.uexp" 364
"E:/Data/GithubData/GroupProject4/Team4Project/Content/Tool/MA_Blend_Met/CoreContent/WATER_Material_Function/MF_BlendOffset.uasset" 365
"E:/Data/GithubData/GroupProject4/Team4Project/Content/Tool/MA_Blend_Met/CoreContent/WATER_Material_Function/MF_BlendOffset.uexp" 366
"E:/Data/GithubData/GroupProject4/Team4Project/Content/Tool/MA_Blend_Met/CoreContent/LayerFunctions/Base/MF_BaseLayerAdjustments.uasset" 367
"E:/Data/GithubData/GroupProject4/Team4Project/Content/Tool/MA_Blend_Met/CoreContent/LayerFunctions/Base/MF_BaseLayerAdjustments.uexp" 368
"E:/Data/GithubData/GroupProject4/Team4Project/Content/Tool/MA_Blend_Met/CoreContent/textures/T_Leaves2_D.ubulk" 369
"E:/Data/GithubData/GroupProject4/Team4Project/Content/Tool/MA_Blend_Met/CoreContent/textures/T_Leaves2_D.uasset" 370
"E:/Data/GithubData/GroupProject4/Team4Project/Content/Tool/MA_Blend_Met/CoreContent/textures/T_Leaves2_D.uexp" 371
"../../../Engine/Content/Functions/Engine_MaterialFunctions02/Utility/MakeFloat3.uasset" 372
"../../../Engine/Content/Functions/Engine_MaterialFunctions02/Utility/MakeFloat3.uexp" 373
"../../../Engine/Content/EngineLightProfiles/180Degree_IES.uasset" 374
"../../../Engine/Content/EngineLightProfiles/180Degree_IES.uexp" 375
"E:/Data/GithubData/GroupProject4/Team4Project/Content/Tool/MA_Blend_Met/CoreContent/WATER_Material_Function/MF_RadialFoam.uasset" 376
"E:/Data/GithubData/GroupProject4/Team4Project/Content/Tool/MA_Blend_Met/CoreContent/WATER_Material_Function/MF_RadialFoam.uexp" 377
"../../../Engine/Content/EngineResources/DefaultTexture.ubulk" 378
"../../../Engine/Content/EngineResources/DefaultTexture.uasset" 379
"../../../Engine/Content/EngineResources/DefaultTexture.uexp" 380
"E:/Data/GithubData/GroupProject4/Team4Project/Content/Tool/MA_Blend_Met/CoreContent/WATER_Material_Function/MF_FakeRefraction.uasset" 381
"E:/Data/GithubData/GroupProject4/Team4Project/Content/Tool/MA_Blend_Met/CoreContent/WATER_Material_Function/MF_FakeRefraction.uexp" 382
"E:/Data/GithubData/GroupProject4/Team4Project/Content/Tool/MA_Blend_Met/CoreContent/LayerFunctions/MF_DisplacementBlend.uasset" 383
"E:/Data/GithubData/GroupProject4/Team4Project/Content/Tool/MA_Blend_Met/CoreContent/LayerFunctions/MF_DisplacementBlend.uexp" 384
"E:/Data/GithubData/GroupProject4/Team4Project/Content/Tool/MA_Blend_Met/CoreContent/LayerFunctions/Top/MF_TopLayerAdjustments.uasset" 385
"E:/Data/GithubData/GroupProject4/Team4Project/Content/Tool/MA_Blend_Met/CoreContent/LayerFunctions/Top/MF_TopLayerAdjustments.uexp" 386
"E:/Data/GithubData/GroupProject4/Team4Project/Content/Tool/MA_Blend_Met/CoreContent/textures/T_Noise_Curves.ubulk" 387
"E:/Data/GithubData/GroupProject4/Team4Project/Content/Tool/MA_Blend_Met/CoreContent/textures/T_Noise_Curves.uasset" 388
"E:/Data/GithubData/GroupProject4/Team4Project/Content/Tool/MA_Blend_Met/CoreContent/textures/T_Noise_Curves.uexp" 389
"E:/Data/GithubData/GroupProject4/Team4Project/Content/Tool/MA_Blend_Met/CoreContent/WATER_Material_Function/MF_WaterMoss.uasset" 390
"E:/Data/GithubData/GroupProject4/Team4Project/Content/Tool/MA_Blend_Met/CoreContent/WATER_Material_Function/MF_WaterMoss.uexp" 391
"E:/Data/GithubData/GroupProject4/Team4Project/Content/Tool/MA_Blend_Met/CoreContent/LayerFunctions/Base/MF_BaseLayerTessellation.uasset" 392
"E:/Data/GithubData/GroupProject4/Team4Project/Content/Tool/MA_Blend_Met/CoreContent/LayerFunctions/Base/MF_BaseLayerTessellation.uexp" 393
"E:/Data/GithubData/GroupProject4/Team4Project/Content/Tool/MA_Blend_Met/CoreContent/LayerFunctions/Base/MF_BaseLayerTextures.uasset" 394
"E:/Data/GithubData/GroupProject4/Team4Project/Content/Tool/MA_Blend_Met/CoreContent/LayerFunctions/Base/MF_BaseLayerTextures.uexp" 395
"../../../Engine/Content/Functions/Engine_MaterialFunctions02/Utility/BreakOutFloat3Components.uasset" 396
"../../../Engine/Content/Functions/Engine_MaterialFunctions02/Utility/BreakOutFloat3Components.uexp" 397
"E:/Data/GithubData/GroupProject4/Team4Project/Content/Tool/MA_Blend_Met/MA_YX_Blend.uasset" 398
"E:/Data/GithubData/GroupProject4/Team4Project/Content/Tool/MA_Blend_Met/MA_YX_Blend.uexp" 399
"E:/Data/GithubData/GroupProject4/Team4Project/Content/Demo/ArtResource/Textures/tower/cap_Normal.ubulk" 400
"E:/Data/GithubData/GroupProject4/Team4Project/Content/Demo/ArtResource/Textures/tower/cap_Normal.uasset" 401
"E:/Data/GithubData/GroupProject4/Team4Project/Content/Demo/ArtResource/Textures/tower/cap_Normal.uexp" 402
"E:/Data/GithubData/GroupProject4/Team4Project/Content/Demo/ArtResource/Material/MA_cap.uasset" 403
"E:/Data/GithubData/GroupProject4/Team4Project/Content/Demo/ArtResource/Material/MA_cap.uexp" 404
"E:/Data/GithubData/GroupProject4/Team4Project/Content/Demo/ArtResource/Anim/tower/Cap/Anim_cap_idle.uasset" 405
"E:/Data/GithubData/GroupProject4/Team4Project/Content/Demo/ArtResource/Anim/tower/Cap/Anim_cap_idle.uexp" 406
"../../../Engine/Plugins/Animation/ACLPlugin/Content/ACLAnimBoneCompressionSettings.uasset" 407
"../../../Engine/Plugins/Animation/ACLPlugin/Content/ACLAnimBoneCompressionSettings.uexp" 408
"../../../Engine/Content/Animation/DefaultVariableFrameStrippingSettings.uasset" 409
"../../../Engine/Content/Animation/DefaultVariableFrameStrippingSettings.uexp" 410
"E:/Data/GithubData/GroupProject4/Team4Project/Content/Demo/ArtResource/Anim/tower/Shooter/Anim_shooter_idle_Skeleton.uasset" 411
"E:/Data/GithubData/GroupProject4/Team4Project/Content/Demo/ArtResource/Anim/tower/Shooter/Anim_shooter_idle_Skeleton.uexp" 412
"../../../Engine/Plugins/Animation/ACLPlugin/Content/ACLAnimCurveCompressionSettings.uasset" 413
"../../../Engine/Plugins/Animation/ACLPlugin/Content/ACLAnimCurveCompressionSettings.uexp" 414
"E:/Data/GithubData/GroupProject4/Team4Project/Content/Demo/ArtResource/Anim/tower/Shooter/Anim_shooter_idle_Anim.uasset" 415
"E:/Data/GithubData/GroupProject4/Team4Project/Content/Demo/ArtResource/Anim/tower/Shooter/Anim_shooter_idle_Anim.uexp" 416
"E:/Data/GithubData/GroupProject4/Team4Project/Content/Demo/ArtResource/Anim/tower/Enum_TowerAnimationState.uasset" 417
"E:/Data/GithubData/GroupProject4/Team4Project/Content/Demo/ArtResource/Anim/tower/Enum_TowerAnimationState.uexp" 418
"E:/Data/GithubData/GroupProject4/Team4Project/Content/Demo/ArtResource/Anim/tower/BPI_TowerAnimation.uasset" 419
"E:/Data/GithubData/GroupProject4/Team4Project/Content/Demo/ArtResource/Anim/tower/BPI_TowerAnimation.uexp" 420
"E:/Data/GithubData/GroupProject4/Team4Project/Content/Demo/ArtResource/Anim/tower/Shooter/ABP_Shooter.uasset" 421
"E:/Data/GithubData/GroupProject4/Team4Project/Content/Demo/ArtResource/Anim/tower/Shooter/ABP_Shooter.uexp" 422
"E:/Data/GithubData/GroupProject4/Team4Project/Content/Demo/ArtResource/Tower/TowerIcon_IymphocyteShooter3.uasset" 423
"E:/Data/GithubData/GroupProject4/Team4Project/Content/Demo/ArtResource/Tower/TowerIcon_IymphocyteShooter3.uexp" 424
"E:/Data/GithubData/GroupProject4/Team4Project/Content/Demo/ArtResource/Anim/tower/Cage/Anim_cage_idle_Skeleton.uasset" 425
"E:/Data/GithubData/GroupProject4/Team4Project/Content/Demo/ArtResource/Anim/tower/Cage/Anim_cage_idle_Skeleton.uexp" 426
"E:/Data/GithubData/GroupProject4/Team4Project/Content/Demo/ArtResource/Anim/tower/Cage/Anim_cage_idle_Anim.uasset" 427
"E:/Data/GithubData/GroupProject4/Team4Project/Content/Demo/ArtResource/Anim/tower/Cage/Anim_cage_idle_Anim.uexp" 428
"E:/Data/GithubData/GroupProject4/Team4Project/Content/Demo/ArtResource/Anim/tower/Cage/ABP_Cage.uasset" 429
"E:/Data/GithubData/GroupProject4/Team4Project/Content/Demo/ArtResource/Anim/tower/Cage/ABP_Cage.uexp" 430
"E:/Data/GithubData/GroupProject4/Team4Project/Content/Demo/ArtResource/Tower/TowerIcon_NK_Spreader2.ubulk" 431
"E:/Data/GithubData/GroupProject4/Team4Project/Content/Demo/ArtResource/Tower/TowerIcon_NK_Spreader2.uasset" 432
"E:/Data/GithubData/GroupProject4/Team4Project/Content/Demo/ArtResource/Tower/TowerIcon_NK_Spreader2.uexp" 433
"E:/Data/GithubData/GroupProject4/Team4Project/Content/Demo/ArtResource/Tower/TowerIcon_NK_Spreader3.uasset" 434
"E:/Data/GithubData/GroupProject4/Team4Project/Content/Demo/ArtResource/Tower/TowerIcon_NK_Spreader3.uexp" 435
"E:/Data/GithubData/GroupProject4/Team4Project/Content/Demo/ArtResource/Anim/tower/Cap/Anim_cap_idle_Anim.uasset" 436
"E:/Data/GithubData/GroupProject4/Team4Project/Content/Demo/ArtResource/Anim/tower/Cap/Anim_cap_idle_Anim.uexp" 437
"E:/Data/GithubData/GroupProject4/Team4Project/Content/Demo/ArtResource/Anim/tower/Cap/ABP_Cap.uasset" 438
"E:/Data/GithubData/GroupProject4/Team4Project/Content/Demo/ArtResource/Anim/tower/Cap/ABP_Cap.uexp" 439
"E:/Data/GithubData/GroupProject4/Team4Project/Content/Demo/ArtResource/Model/AntibioticsTheCapsuleLevel3.ubulk" 440
"E:/Data/GithubData/GroupProject4/Team4Project/Content/Demo/ArtResource/Model/AntibioticsTheCapsuleLevel3.uasset" 441
"E:/Data/GithubData/GroupProject4/Team4Project/Content/Demo/ArtResource/Model/AntibioticsTheCapsuleLevel3.uexp" 442
"E:/Data/GithubData/GroupProject4/Team4Project/Content/Demo/ArtResource/Tower/TowerIcon_EpinephrineEjector3.uasset" 443
"E:/Data/GithubData/GroupProject4/Team4Project/Content/Demo/ArtResource/Tower/TowerIcon_EpinephrineEjector3.uexp" 444
"E:/Data/GithubData/GroupProject4/Team4Project/Content/Demo/ArtResource/Textures/tower/shooter_mat_8b426150-b108-4c9a-bf38-f6795cdeaf00_Metallic.ubulk" 445
"E:/Data/GithubData/GroupProject4/Team4Project/Content/Demo/ArtResource/Textures/tower/shooter_mat_8b426150-b108-4c9a-bf38-f6795cdeaf00_Metallic.uasset" 446
"E:/Data/GithubData/GroupProject4/Team4Project/Content/Demo/ArtResource/Textures/tower/shooter_mat_8b426150-b108-4c9a-bf38-f6795cdeaf00_Metallic.uexp" 447
"E:/Data/GithubData/GroupProject4/Team4Project/Content/Demo/ArtResource/Textures/tower/shooter_mat_8b426150-b108-4c9a-bf38-f6795cdeaf00_Normal.ubulk" 448
"E:/Data/GithubData/GroupProject4/Team4Project/Content/Demo/ArtResource/Textures/tower/shooter_mat_8b426150-b108-4c9a-bf38-f6795cdeaf00_Normal.uasset" 449
"E:/Data/GithubData/GroupProject4/Team4Project/Content/Demo/ArtResource/Textures/tower/shooter_mat_8b426150-b108-4c9a-bf38-f6795cdeaf00_Normal.uexp" 450
"E:/Data/GithubData/GroupProject4/Team4Project/Content/Demo/ArtResource/Textures/tower/shooter_mat_8b426150-b108-4c9a-bf38-f6795cdeaf00_BaseColor.ubulk" 451
"E:/Data/GithubData/GroupProject4/Team4Project/Content/Demo/ArtResource/Textures/tower/shooter_mat_8b426150-b108-4c9a-bf38-f6795cdeaf00_BaseColor.uasset" 452
"E:/Data/GithubData/GroupProject4/Team4Project/Content/Demo/ArtResource/Textures/tower/shooter_mat_8b426150-b108-4c9a-bf38-f6795cdeaf00_BaseColor.uexp" 453
"E:/Data/GithubData/GroupProject4/Team4Project/Content/Demo/ArtResource/Textures/tower/shooter_mat_8b426150-b108-4c9a-bf38-f6795cdeaf00_Roughness.ubulk" 454
"E:/Data/GithubData/GroupProject4/Team4Project/Content/Demo/ArtResource/Textures/tower/shooter_mat_8b426150-b108-4c9a-bf38-f6795cdeaf00_Roughness.uasset" 455
"E:/Data/GithubData/GroupProject4/Team4Project/Content/Demo/ArtResource/Textures/tower/shooter_mat_8b426150-b108-4c9a-bf38-f6795cdeaf00_Roughness.uexp" 456
"E:/Data/GithubData/GroupProject4/Team4Project/Content/Demo/ArtResource/Material/MA_shooter.uasset" 457
"E:/Data/GithubData/GroupProject4/Team4Project/Content/Demo/ArtResource/Material/MA_shooter.uexp" 458
"E:/Data/GithubData/GroupProject4/Team4Project/Content/Demo/ArtResource/Anim/tower/Shooter/Anim_shooter_idle_PhysicsAsset.uasset" 459
"E:/Data/GithubData/GroupProject4/Team4Project/Content/Demo/ArtResource/Anim/tower/Shooter/Anim_shooter_idle_PhysicsAsset.uexp" 460
"E:/Data/GithubData/GroupProject4/Team4Project/Content/Demo/ArtResource/Anim/tower/Shooter/Anim_shooter_idle.uasset" 461
"E:/Data/GithubData/GroupProject4/Team4Project/Content/Demo/ArtResource/Anim/tower/Shooter/Anim_shooter_idle.uexp" 462
"E:/Data/GithubData/GroupProject4/Team4Project/Content/Demo/ArtResource/Model/Iymphocyte_shooterLevel2.ubulk" 463
"E:/Data/GithubData/GroupProject4/Team4Project/Content/Demo/ArtResource/Model/Iymphocyte_shooterLevel2.uasset" 464
"E:/Data/GithubData/GroupProject4/Team4Project/Content/Demo/ArtResource/Model/Iymphocyte_shooterLevel2.uexp" 465
"E:/Data/GithubData/GroupProject4/Team4Project/Content/Demo/ArtResource/Model/EpinephrineEjectorLevel2.ubulk" 466
"E:/Data/GithubData/GroupProject4/Team4Project/Content/Demo/ArtResource/Model/EpinephrineEjectorLevel2.uasset" 467
"E:/Data/GithubData/GroupProject4/Team4Project/Content/Demo/ArtResource/Model/EpinephrineEjectorLevel2.uexp" 468
"E:/Data/GithubData/GroupProject4/Team4Project/Content/Demo/ArtResource/Textures/tower/cage_mat_a06ba9a0-2752-4fb9-9d14-eb0eb6681d7e_Metallic.ubulk" 469
"E:/Data/GithubData/GroupProject4/Team4Project/Content/Demo/ArtResource/Textures/tower/cage_mat_a06ba9a0-2752-4fb9-9d14-eb0eb6681d7e_Metallic.uasset" 470
"E:/Data/GithubData/GroupProject4/Team4Project/Content/Demo/ArtResource/Textures/tower/cage_mat_a06ba9a0-2752-4fb9-9d14-eb0eb6681d7e_Metallic.uexp" 471
"E:/Data/GithubData/GroupProject4/Team4Project/Content/Demo/ArtResource/Textures/tower/cage_mat_a06ba9a0-2752-4fb9-9d14-eb0eb6681d7e_Normal.ubulk" 472
"E:/Data/GithubData/GroupProject4/Team4Project/Content/Demo/ArtResource/Textures/tower/cage_mat_a06ba9a0-2752-4fb9-9d14-eb0eb6681d7e_Normal.uasset" 473
"E:/Data/GithubData/GroupProject4/Team4Project/Content/Demo/ArtResource/Textures/tower/cage_mat_a06ba9a0-2752-4fb9-9d14-eb0eb6681d7e_Normal.uexp" 474
"E:/Data/GithubData/GroupProject4/Team4Project/Content/Demo/ArtResource/Textures/tower/cage_mat_a06ba9a0-2752-4fb9-9d14-eb0eb6681d7e_Roughness.ubulk" 475
"E:/Data/GithubData/GroupProject4/Team4Project/Content/Demo/ArtResource/Textures/tower/cage_mat_a06ba9a0-2752-4fb9-9d14-eb0eb6681d7e_Roughness.uasset" 476
"E:/Data/GithubData/GroupProject4/Team4Project/Content/Demo/ArtResource/Textures/tower/cage_mat_a06ba9a0-2752-4fb9-9d14-eb0eb6681d7e_Roughness.uexp" 477
"E:/Data/GithubData/GroupProject4/Team4Project/Content/Demo/ArtResource/Textures/tower/cage_mat_a06ba9a0-2752-4fb9-9d14-eb0eb6681d7e_BaseColor.ubulk" 478
"E:/Data/GithubData/GroupProject4/Team4Project/Content/Demo/ArtResource/Textures/tower/cage_mat_a06ba9a0-2752-4fb9-9d14-eb0eb6681d7e_BaseColor.uasset" 479
"E:/Data/GithubData/GroupProject4/Team4Project/Content/Demo/ArtResource/Textures/tower/cage_mat_a06ba9a0-2752-4fb9-9d14-eb0eb6681d7e_BaseColor.uexp" 480
"E:/Data/GithubData/GroupProject4/Team4Project/Content/Demo/ArtResource/Material/MA_cage.uasset" 481
"E:/Data/GithubData/GroupProject4/Team4Project/Content/Demo/ArtResource/Material/MA_cage.uexp" 482
"E:/Data/GithubData/GroupProject4/Team4Project/Content/Demo/ArtResource/Anim/tower/Cage/Anim_cage_idle_PhysicsAsset.uasset" 483
"E:/Data/GithubData/GroupProject4/Team4Project/Content/Demo/ArtResource/Anim/tower/Cage/Anim_cage_idle_PhysicsAsset.uexp" 484
"E:/Data/GithubData/GroupProject4/Team4Project/Content/Demo/ArtResource/Anim/tower/Cage/Anim_cage_idle.uasset" 485
"E:/Data/GithubData/GroupProject4/Team4Project/Content/Demo/ArtResource/Anim/tower/Cage/Anim_cage_idle.uexp" 486
"E:/Data/GithubData/GroupProject4/Team4Project/Content/Demo/ArtResource/Anim/tower/Pool/Anim_pool_idle_Skeleton.uasset" 487
"E:/Data/GithubData/GroupProject4/Team4Project/Content/Demo/ArtResource/Anim/tower/Pool/Anim_pool_idle_Skeleton.uexp" 488
"E:/Data/GithubData/GroupProject4/Team4Project/Content/Demo/ArtResource/Anim/tower/Pool/Anim_pool_idle_Anim.uasset" 489
"E:/Data/GithubData/GroupProject4/Team4Project/Content/Demo/ArtResource/Anim/tower/Pool/Anim_pool_idle_Anim.uexp" 490
"E:/Data/GithubData/GroupProject4/Team4Project/Content/Demo/ArtResource/Anim/tower/Pool/ABP_Pool.uasset" 491
"E:/Data/GithubData/GroupProject4/Team4Project/Content/Demo/ArtResource/Anim/tower/Pool/ABP_Pool.uexp" 492
"E:/Data/GithubData/GroupProject4/Team4Project/Content/Demo/ArtResource/Textures/tower/pool_Normal.ubulk" 493
"E:/Data/GithubData/GroupProject4/Team4Project/Content/Demo/ArtResource/Textures/tower/pool_Normal.uasset" 494
"E:/Data/GithubData/GroupProject4/Team4Project/Content/Demo/ArtResource/Textures/tower/pool_Normal.uexp" 495
"E:/Data/GithubData/GroupProject4/Team4Project/Content/Demo/ArtResource/Textures/tower/pool_Roughness.ubulk" 496
"E:/Data/GithubData/GroupProject4/Team4Project/Content/Demo/ArtResource/Textures/tower/pool_Roughness.uasset" 497
"E:/Data/GithubData/GroupProject4/Team4Project/Content/Demo/ArtResource/Textures/tower/pool_Roughness.uexp" 498
"E:/Data/GithubData/GroupProject4/Team4Project/Content/Demo/ArtResource/Textures/tower/pool_BaseColor.ubulk" 499
"E:/Data/GithubData/GroupProject4/Team4Project/Content/Demo/ArtResource/Textures/tower/pool_BaseColor.uasset" 500
"E:/Data/GithubData/GroupProject4/Team4Project/Content/Demo/ArtResource/Textures/tower/pool_BaseColor.uexp" 501
"E:/Data/GithubData/GroupProject4/Team4Project/Content/Demo/ArtResource/Textures/tower/pool_Metallic.ubulk" 502
"E:/Data/GithubData/GroupProject4/Team4Project/Content/Demo/ArtResource/Textures/tower/pool_Metallic.uasset" 503
"E:/Data/GithubData/GroupProject4/Team4Project/Content/Demo/ArtResource/Textures/tower/pool_Metallic.uexp" 504
"E:/Data/GithubData/GroupProject4/Team4Project/Content/Demo/ArtResource/Material/MA_pool.uasset" 505
"E:/Data/GithubData/GroupProject4/Team4Project/Content/Demo/ArtResource/Material/MA_pool.uexp" 506
"E:/Data/GithubData/GroupProject4/Team4Project/Content/Demo/ArtResource/Anim/tower/Pool/Anim_pool_idle_PhysicsAsset.uasset" 507
"E:/Data/GithubData/GroupProject4/Team4Project/Content/Demo/ArtResource/Anim/tower/Pool/Anim_pool_idle_PhysicsAsset.uexp" 508
"E:/Data/GithubData/GroupProject4/Team4Project/Content/Demo/ArtResource/Anim/tower/Pool/Anim_pool_idle.uasset" 509
"E:/Data/GithubData/GroupProject4/Team4Project/Content/Demo/ArtResource/Anim/tower/Pool/Anim_pool_idle.uexp" 510
"E:/Data/GithubData/GroupProject4/Team4Project/Content/Demo/ArtResource/Tower/TowerIcon_EpinephrineEjector2.ubulk" 511
"E:/Data/GithubData/GroupProject4/Team4Project/Content/Demo/ArtResource/Tower/TowerIcon_EpinephrineEjector2.uasset" 512
"E:/Data/GithubData/GroupProject4/Team4Project/Content/Demo/ArtResource/Tower/TowerIcon_EpinephrineEjector2.uexp" 513
"E:/Data/GithubData/GroupProject4/Team4Project/Content/Demo/ArtResource/Tower/TowerIcon_AntibioticsCapsule3.uasset" 514
"E:/Data/GithubData/GroupProject4/Team4Project/Content/Demo/ArtResource/Tower/TowerIcon_AntibioticsCapsule3.uexp" 515
"E:/Data/GithubData/GroupProject4/Team4Project/Content/Demo/ArtResource/Model/AntibioticsTheCapsuleLevel1.ubulk" 516
"E:/Data/GithubData/GroupProject4/Team4Project/Content/Demo/ArtResource/Model/AntibioticsTheCapsuleLevel1.uasset" 517
"E:/Data/GithubData/GroupProject4/Team4Project/Content/Demo/ArtResource/Model/AntibioticsTheCapsuleLevel1.uexp" 518
"E:/Data/GithubData/GroupProject4/Team4Project/Content/BluePrint/Core/Tower/Utilities/DT_DefaultTowerDataPerType.uasset" 519
"E:/Data/GithubData/GroupProject4/Team4Project/Content/BluePrint/Core/Tower/Utilities/DT_DefaultTowerDataPerType.uexp" 520
"E:/Data/GithubData/GroupProject4/Team4Project/Content/BluePrint/Core/Tower/Utilities/BFL_Towers.uasset" 521
"E:/Data/GithubData/GroupProject4/Team4Project/Content/BluePrint/Core/Tower/Utilities/BFL_Towers.uexp" 522
"E:/Data/GithubData/GroupProject4/Team4Project/Content/Demo/ArtResource/Textures/CombatIcon/T_UpgradeTower3.uasset" 523
"E:/Data/GithubData/GroupProject4/Team4Project/Content/Demo/ArtResource/Textures/CombatIcon/T_UpgradeTower3.uexp" 524
"E:/Data/GithubData/GroupProject4/Team4Project/Content/BluePrint/Core/Weapon/Utilities/S_Weapon_NumericalStats.uasset" 525
"E:/Data/GithubData/GroupProject4/Team4Project/Content/BluePrint/Core/Weapon/Utilities/S_Weapon_NumericalStats.uexp" 526
"E:/Data/GithubData/GroupProject4/Team4Project/Content/BluePrint/Core/Weapon/Utilities/S_Weapon_Data.uasset" 527
"E:/Data/GithubData/GroupProject4/Team4Project/Content/BluePrint/Core/Weapon/Utilities/S_Weapon_Data.uexp" 528
"E:/Data/GithubData/GroupProject4/Team4Project/Content/Demo/ArtResource/Textures/CombatIcon/T_UpgradeTower2.ubulk" 529
"E:/Data/GithubData/GroupProject4/Team4Project/Content/Demo/ArtResource/Textures/CombatIcon/T_UpgradeTower2.uasset" 530
"E:/Data/GithubData/GroupProject4/Team4Project/Content/Demo/ArtResource/Textures/CombatIcon/T_UpgradeTower2.uexp" 531
"E:/Data/GithubData/GroupProject4/Team4Project/Content/Demo/ArtResource/Textures/CombatIcon/T_RemoveTower3.uasset" 532
"E:/Data/GithubData/GroupProject4/Team4Project/Content/Demo/ArtResource/Textures/CombatIcon/T_RemoveTower3.uexp" 533
"E:/Data/GithubData/GroupProject4/Team4Project/Content/Demo/ArtResource/Font/BOD_R.uexp" 534
"E:/Data/GithubData/GroupProject4/Team4Project/Content/Demo/ArtResource/Font/BOD_R.uasset" 535
"E:/Data/GithubData/GroupProject4/Team4Project/Content/Demo/ArtResource/Font/BOD_R.ufont" 536
"E:/Data/GithubData/GroupProject4/Team4Project/Content/Demo/ArtResource/Font/BOD_R_Font.uasset" 537
"E:/Data/GithubData/GroupProject4/Team4Project/Content/Demo/ArtResource/Font/BOD_R_Font.uexp" 538
"E:/Data/GithubData/GroupProject4/Team4Project/Content/Demo/ArtResource/Textures/CombatIcon/T_InterferonCloud.ubulk" 539
"E:/Data/GithubData/GroupProject4/Team4Project/Content/Demo/ArtResource/Textures/CombatIcon/T_InterferonCloud.uasset" 540
"E:/Data/GithubData/GroupProject4/Team4Project/Content/Demo/ArtResource/Textures/CombatIcon/T_InterferonCloud.uexp" 541
"E:/Data/GithubData/GroupProject4/Team4Project/Content/Demo/ArtResource/Textures/CombatIcon/T_LysozymeInjector.ubulk" 542
"E:/Data/GithubData/GroupProject4/Team4Project/Content/Demo/ArtResource/Textures/CombatIcon/T_LysozymeInjector.uasset" 543
"E:/Data/GithubData/GroupProject4/Team4Project/Content/Demo/ArtResource/Textures/CombatIcon/T_LysozymeInjector.uexp" 544
"E:/Data/GithubData/GroupProject4/Team4Project/Content/Demo/ArtResource/Textures/CombatIcon/T_SalineSprayer3.uasset" 545
"E:/Data/GithubData/GroupProject4/Team4Project/Content/Demo/ArtResource/Textures/CombatIcon/T_SalineSprayer3.uexp" 546
"E:/Data/GithubData/GroupProject4/Team4Project/Content/Demo/ArtResource/Textures/CombatIcon/T_EthanolMist.ubulk" 547
"E:/Data/GithubData/GroupProject4/Team4Project/Content/Demo/ArtResource/Textures/CombatIcon/T_EthanolMist.uasset" 548
"E:/Data/GithubData/GroupProject4/Team4Project/Content/Demo/ArtResource/Textures/CombatIcon/T_EthanolMist.uexp" 549
"E:/Data/GithubData/GroupProject4/Team4Project/Content/Demo/ArtResource/Textures/CombatIcon/T_SalineSprayer2.ubulk" 550
"E:/Data/GithubData/GroupProject4/Team4Project/Content/Demo/ArtResource/Textures/CombatIcon/T_SalineSprayer2.uasset" 551
"E:/Data/GithubData/GroupProject4/Team4Project/Content/Demo/ArtResource/Textures/CombatIcon/T_SalineSprayer2.uexp" 552
"E:/Data/GithubData/GroupProject4/Team4Project/Content/BluePrint/Core/Weapon/Utilities/DT_DefaultWeaponDataPerType.uasset" 553
"E:/Data/GithubData/GroupProject4/Team4Project/Content/BluePrint/Core/Weapon/Utilities/DT_DefaultWeaponDataPerType.uexp" 554
"E:/Data/GithubData/GroupProject4/Team4Project/Content/BluePrint/Core/Weapon/Utilities/BFL_Weapon.uasset" 555
"E:/Data/GithubData/GroupProject4/Team4Project/Content/BluePrint/Core/Weapon/Utilities/BFL_Weapon.uexp" 556
"E:/Data/GithubData/GroupProject4/Team4Project/Content/BluePrint/Core/Combat/DebugWidget/WBP_Image_Slot.uasset" 557
"E:/Data/GithubData/GroupProject4/Team4Project/Content/BluePrint/Core/Combat/DebugWidget/WBP_Image_Slot.uexp" 558
"E:/Data/GithubData/GroupProject4/Team4Project/Content/BluePrint/Core/Combat/DebugWidget/WBP_VerticalSlot.uasset" 559
"E:/Data/GithubData/GroupProject4/Team4Project/Content/BluePrint/Core/Combat/DebugWidget/WBP_VerticalSlot.uexp" 560
"E:/Data/GithubData/GroupProject4/Team4Project/Content/BluePrint/Core/Character/Utilities_Player/Enum_PlayerType.uasset" 561
"E:/Data/GithubData/GroupProject4/Team4Project/Content/BluePrint/Core/Character/Utilities_Player/Enum_PlayerType.uexp" 562
"E:/Data/GithubData/GroupProject4/Team4Project/Content/BluePrint/Core/Character/Utilities_Player/S_PlayerAsset.uasset" 563
"E:/Data/GithubData/GroupProject4/Team4Project/Content/BluePrint/Core/Character/Utilities_Player/S_PlayerAsset.uexp" 564
"E:/Data/GithubData/GroupProject4/Team4Project/Content/BluePrint/Core/Character/Utilities_Player/S_PlayerData.uasset" 565
"E:/Data/GithubData/GroupProject4/Team4Project/Content/BluePrint/Core/Character/Utilities_Player/S_PlayerData.uexp" 566
"E:/Data/GithubData/GroupProject4/Team4Project/Content/BluePrint/Core/Player/Utilities/Enum_ControllerState.uasset" 567
"E:/Data/GithubData/GroupProject4/Team4Project/Content/BluePrint/Core/Player/Utilities/Enum_ControllerState.uexp" 568
"../../../Engine/Plugins/2D/Paper2D/Content/DefaultSpriteMaterial.uasset" 569
"../../../Engine/Plugins/2D/Paper2D/Content/DefaultSpriteMaterial.uexp" 570
"../../../Engine/Plugins/2D/Paper2D/Content/MaskedUnlitSpriteMaterial.uasset" 571
"../../../Engine/Plugins/2D/Paper2D/Content/MaskedUnlitSpriteMaterial.uexp" 572
"E:/Data/GithubData/GroupProject4/Team4Project/Content/Demo/ArtResource/Textures/CombatIcon/T_PlayerInSceneCapture.ubulk" 573
"E:/Data/GithubData/GroupProject4/Team4Project/Content/Demo/ArtResource/Textures/CombatIcon/T_PlayerInSceneCapture.uasset" 574
"E:/Data/GithubData/GroupProject4/Team4Project/Content/Demo/ArtResource/Textures/CombatIcon/T_PlayerInSceneCapture.uexp" 575
"../../../Engine/Plugins/2D/Paper2D/Content/TranslucentUnlitSpriteMaterial.uasset" 576
"../../../Engine/Plugins/2D/Paper2D/Content/TranslucentUnlitSpriteMaterial.uexp" 577
"E:/Data/GithubData/GroupProject4/Team4Project/Content/Demo/ArtResource/Textures/CombatIcon/T_PlayerInSceneCapture_Sprite.uasset" 578
"E:/Data/GithubData/GroupProject4/Team4Project/Content/Demo/ArtResource/Textures/CombatIcon/T_PlayerInSceneCapture_Sprite.uexp" 579
"../../../Engine/Content/EngineMaterials/DefaultMaterial.uasset" 580
"../../../Engine/Content/EngineMaterials/DefaultMaterial.uexp" 581
"../../../Engine/Content/BasicShapes/Sphere.ubulk" 582
"../../../Engine/Content/BasicShapes/Sphere.uasset" 583
"../../../Engine/Content/BasicShapes/Sphere.uexp" 584
"E:/Data/GithubData/GroupProject4/Team4Project/Content/BluePrint/Core/Character/Widget/WBP_AnimNumber.uasset" 585
"E:/Data/GithubData/GroupProject4/Team4Project/Content/BluePrint/Core/Character/Widget/WBP_AnimNumber.uexp" 586
"E:/Data/GithubData/GroupProject4/Team4Project/Content/BluePrint/Core/Character/Widget/BP_AnimNumber.uasset" 587
"E:/Data/GithubData/GroupProject4/Team4Project/Content/BluePrint/Core/Character/Widget/BP_AnimNumber.uexp" 588
"E:/Data/GithubData/GroupProject4/Team4Project/Content/BluePrint/Core/Character/Utilities_Enemy/Enum_EnemyType.uasset" 589
"E:/Data/GithubData/GroupProject4/Team4Project/Content/BluePrint/Core/Character/Utilities_Enemy/Enum_EnemyType.uexp" 590
"E:/Data/GithubData/GroupProject4/Team4Project/Content/BluePrint/Core/Character/Utilities_Enemy/S_Enemy_Asset.uasset" 591
"E:/Data/GithubData/GroupProject4/Team4Project/Content/BluePrint/Core/Character/Utilities_Enemy/S_Enemy_Asset.uexp" 592
"E:/Data/GithubData/GroupProject4/Team4Project/Content/BluePrint/Core/Character/Utilities_Enemy/S_EnemyNumericalStats.uasset" 593
"E:/Data/GithubData/GroupProject4/Team4Project/Content/BluePrint/Core/Character/Utilities_Enemy/S_EnemyNumericalStats.uexp" 594
"E:/Data/GithubData/GroupProject4/Team4Project/Content/BluePrint/Core/Character/Utilities_Enemy/S_EnemyData.uasset" 595
"E:/Data/GithubData/GroupProject4/Team4Project/Content/BluePrint/Core/Character/Utilities_Enemy/S_EnemyData.uexp" 596
"E:/Data/GithubData/GroupProject4/Team4Project/Content/Demo/ArtResource/Textures/WayPoint/T_WayPoint.uasset" 597
"E:/Data/GithubData/GroupProject4/Team4Project/Content/Demo/ArtResource/Textures/WayPoint/T_WayPoint.uexp" 598
"E:/Data/GithubData/GroupProject4/Team4Project/Content/BluePrint/Core/WayPoint/BP_WayPoint.uasset" 599
"E:/Data/GithubData/GroupProject4/Team4Project/Content/BluePrint/Core/WayPoint/BP_WayPoint.uexp" 600
"E:/Data/GithubData/GroupProject4/Team4Project/Content/Demo/ArtResource/Anim/enemy/Bio/Anim_bio_walk_PhysicsAsset.uasset" 601
"E:/Data/GithubData/GroupProject4/Team4Project/Content/Demo/ArtResource/Anim/enemy/Bio/Anim_bio_walk_PhysicsAsset.uexp" 602
"E:/Data/GithubData/GroupProject4/Team4Project/Content/Demo/ArtResource/Textures/enemy/glass_Normal.ubulk" 603
"E:/Data/GithubData/GroupProject4/Team4Project/Content/Demo/ArtResource/Textures/enemy/glass_Normal.uasset" 604
"E:/Data/GithubData/GroupProject4/Team4Project/Content/Demo/ArtResource/Textures/enemy/glass_Normal.uexp" 605
"E:/Data/GithubData/GroupProject4/Team4Project/Content/Demo/ArtResource/Textures/enemy/glass_Metallic.ubulk" 606
"E:/Data/GithubData/GroupProject4/Team4Project/Content/Demo/ArtResource/Textures/enemy/glass_Metallic.uasset" 607
"E:/Data/GithubData/GroupProject4/Team4Project/Content/Demo/ArtResource/Textures/enemy/glass_Metallic.uexp" 608
"E:/Data/GithubData/GroupProject4/Team4Project/Content/Demo/ArtResource/Textures/enemy/glass_Alpha.ubulk" 609
"E:/Data/GithubData/GroupProject4/Team4Project/Content/Demo/ArtResource/Textures/enemy/glass_Alpha.uasset" 610
"E:/Data/GithubData/GroupProject4/Team4Project/Content/Demo/ArtResource/Textures/enemy/glass_Alpha.uexp" 611
"E:/Data/GithubData/GroupProject4/Team4Project/Content/Demo/ArtResource/Textures/enemy/glass_BaseColor.ubulk" 612
"E:/Data/GithubData/GroupProject4/Team4Project/Content/Demo/ArtResource/Textures/enemy/glass_BaseColor.uasset" 613
"E:/Data/GithubData/GroupProject4/Team4Project/Content/Demo/ArtResource/Textures/enemy/glass_BaseColor.uexp" 614
"E:/Data/GithubData/GroupProject4/Team4Project/Content/Demo/ArtResource/Textures/enemy/glass_Roughness.ubulk" 615
"E:/Data/GithubData/GroupProject4/Team4Project/Content/Demo/ArtResource/Textures/enemy/glass_Roughness.uasset" 616
"E:/Data/GithubData/GroupProject4/Team4Project/Content/Demo/ArtResource/Textures/enemy/glass_Roughness.uexp" 617
"E:/Data/GithubData/GroupProject4/Team4Project/Content/Demo/ArtResource/Material/MI_BIO_GLASS.uasset" 618
"E:/Data/GithubData/GroupProject4/Team4Project/Content/Demo/ArtResource/Material/MI_BIO_GLASS.uexp" 619
"E:/Data/GithubData/GroupProject4/Team4Project/Content/Demo/ArtResource/Material/MI_BIO_GLASS_Inst.uasset" 620
"E:/Data/GithubData/GroupProject4/Team4Project/Content/Demo/ArtResource/Material/MI_BIO_GLASS_Inst.uexp" 621
"E:/Data/GithubData/GroupProject4/Team4Project/Content/Demo/ArtResource/Anim/enemy/Bio/Anim_bio_walk_Skeleton.uasset" 622
"E:/Data/GithubData/GroupProject4/Team4Project/Content/Demo/ArtResource/Anim/enemy/Bio/Anim_bio_walk_Skeleton.uexp" 623
"E:/Data/GithubData/GroupProject4/Team4Project/Content/Demo/ArtResource/Textures/enemy/flesh_Metallic.ubulk" 624
"E:/Data/GithubData/GroupProject4/Team4Project/Content/Demo/ArtResource/Textures/enemy/flesh_Metallic.uasset" 625
"E:/Data/GithubData/GroupProject4/Team4Project/Content/Demo/ArtResource/Textures/enemy/flesh_Metallic.uexp" 626
"E:/Data/GithubData/GroupProject4/Team4Project/Content/Demo/ArtResource/Textures/enemy/flesh_Normal.ubulk" 627
"E:/Data/GithubData/GroupProject4/Team4Project/Content/Demo/ArtResource/Textures/enemy/flesh_Normal.uasset" 628
"E:/Data/GithubData/GroupProject4/Team4Project/Content/Demo/ArtResource/Textures/enemy/flesh_Normal.uexp" 629
"E:/Data/GithubData/GroupProject4/Team4Project/Content/Demo/ArtResource/Textures/enemy/flesh_Roughness.ubulk" 630
"E:/Data/GithubData/GroupProject4/Team4Project/Content/Demo/ArtResource/Textures/enemy/flesh_Roughness.uasset" 631
"E:/Data/GithubData/GroupProject4/Team4Project/Content/Demo/ArtResource/Textures/enemy/flesh_Roughness.uexp" 632
"E:/Data/GithubData/GroupProject4/Team4Project/Content/Demo/ArtResource/Textures/enemy/flesh_Displacement.ubulk" 633
"E:/Data/GithubData/GroupProject4/Team4Project/Content/Demo/ArtResource/Textures/enemy/flesh_Displacement.uasset" 634
"E:/Data/GithubData/GroupProject4/Team4Project/Content/Demo/ArtResource/Textures/enemy/flesh_Displacement.uexp" 635
"E:/Data/GithubData/GroupProject4/Team4Project/Content/Demo/ArtResource/Textures/enemy/flesh_BaseColor.ubulk" 636
"E:/Data/GithubData/GroupProject4/Team4Project/Content/Demo/ArtResource/Textures/enemy/flesh_BaseColor.uasset" 637
"E:/Data/GithubData/GroupProject4/Team4Project/Content/Demo/ArtResource/Textures/enemy/flesh_BaseColor.uexp" 638
"E:/Data/GithubData/GroupProject4/Team4Project/Content/Demo/ArtResource/Material/MA_bio.uasset" 639
"E:/Data/GithubData/GroupProject4/Team4Project/Content/Demo/ArtResource/Material/MA_bio.uexp" 640
"E:/Data/GithubData/GroupProject4/Team4Project/Content/Demo/ArtResource/Anim/enemy/Bio/Anim_bio_walk.uasset" 641
"E:/Data/GithubData/GroupProject4/Team4Project/Content/Demo/ArtResource/Anim/enemy/Bio/Anim_bio_walk.uexp" 642
"E:/Data/GithubData/GroupProject4/Team4Project/Content/Demo/ArtResource/Textures/enemy/fans_BaseColor.ubulk" 643
"E:/Data/GithubData/GroupProject4/Team4Project/Content/Demo/ArtResource/Textures/enemy/fans_BaseColor.uasset" 644
"E:/Data/GithubData/GroupProject4/Team4Project/Content/Demo/ArtResource/Textures/enemy/fans_BaseColor.uexp" 645
"E:/Data/GithubData/GroupProject4/Team4Project/Content/Demo/ArtResource/Textures/enemy/fans_Metallic.ubulk" 646
"E:/Data/GithubData/GroupProject4/Team4Project/Content/Demo/ArtResource/Textures/enemy/fans_Metallic.uasset" 647
"E:/Data/GithubData/GroupProject4/Team4Project/Content/Demo/ArtResource/Textures/enemy/fans_Metallic.uexp" 648
"E:/Data/GithubData/GroupProject4/Team4Project/Content/Demo/ArtResource/Textures/enemy/fans_Roughness.ubulk" 649
"E:/Data/GithubData/GroupProject4/Team4Project/Content/Demo/ArtResource/Textures/enemy/fans_Roughness.uasset" 650
"E:/Data/GithubData/GroupProject4/Team4Project/Content/Demo/ArtResource/Textures/enemy/fans_Roughness.uexp" 651
"E:/Data/GithubData/GroupProject4/Team4Project/Content/Demo/ArtResource/Textures/enemy/fans_Normal.ubulk" 652
"E:/Data/GithubData/GroupProject4/Team4Project/Content/Demo/ArtResource/Textures/enemy/fans_Normal.uasset" 653
"E:/Data/GithubData/GroupProject4/Team4Project/Content/Demo/ArtResource/Textures/enemy/fans_Normal.uexp" 654
"E:/Data/GithubData/GroupProject4/Team4Project/Content/Demo/ArtResource/Material/MA_fans.uasset" 655
"E:/Data/GithubData/GroupProject4/Team4Project/Content/Demo/ArtResource/Material/MA_fans.uexp" 656
"E:/Data/GithubData/GroupProject4/Team4Project/Content/Demo/ArtResource/Anim/enemy/Fans/Anim_fans_walk_Skeleton.uasset" 657
"E:/Data/GithubData/GroupProject4/Team4Project/Content/Demo/ArtResource/Anim/enemy/Fans/Anim_fans_walk_Skeleton.uexp" 658
"E:/Data/GithubData/GroupProject4/Team4Project/Content/Demo/ArtResource/Anim/enemy/Fans/Anim_fans_walk_PhysicsAsset.uasset" 659
"E:/Data/GithubData/GroupProject4/Team4Project/Content/Demo/ArtResource/Anim/enemy/Fans/Anim_fans_walk_PhysicsAsset.uexp" 660
"E:/Data/GithubData/GroupProject4/Team4Project/Content/Demo/ArtResource/Textures/enemy/body_Roughness.ubulk" 661
"E:/Data/GithubData/GroupProject4/Team4Project/Content/Demo/ArtResource/Textures/enemy/body_Roughness.uasset" 662
"E:/Data/GithubData/GroupProject4/Team4Project/Content/Demo/ArtResource/Textures/enemy/body_Roughness.uexp" 663
"E:/Data/GithubData/GroupProject4/Team4Project/Content/Demo/ArtResource/Textures/enemy/body_Normal.ubulk" 664
"E:/Data/GithubData/GroupProject4/Team4Project/Content/Demo/ArtResource/Textures/enemy/body_Normal.uasset" 665
"E:/Data/GithubData/GroupProject4/Team4Project/Content/Demo/ArtResource/Textures/enemy/body_Normal.uexp" 666
"E:/Data/GithubData/GroupProject4/Team4Project/Content/Demo/ArtResource/Textures/enemy/body_Metallic.ubulk" 667
"E:/Data/GithubData/GroupProject4/Team4Project/Content/Demo/ArtResource/Textures/enemy/body_Metallic.uasset" 668
"E:/Data/GithubData/GroupProject4/Team4Project/Content/Demo/ArtResource/Textures/enemy/body_Metallic.uexp" 669
"E:/Data/GithubData/GroupProject4/Team4Project/Content/Demo/ArtResource/Textures/enemy/body_BaseColor.ubulk" 670
"E:/Data/GithubData/GroupProject4/Team4Project/Content/Demo/ArtResource/Textures/enemy/body_BaseColor.uasset" 671
"E:/Data/GithubData/GroupProject4/Team4Project/Content/Demo/ArtResource/Textures/enemy/body_BaseColor.uexp" 672
"E:/Data/GithubData/GroupProject4/Team4Project/Content/Demo/ArtResource/Material/MA_body.uasset" 673
"E:/Data/GithubData/GroupProject4/Team4Project/Content/Demo/ArtResource/Material/MA_body.uexp" 674
"E:/Data/GithubData/GroupProject4/Team4Project/Content/Demo/ArtResource/Anim/enemy/Fans/Anim_fans_walk.uasset" 675
"E:/Data/GithubData/GroupProject4/Team4Project/Content/Demo/ArtResource/Anim/enemy/Fans/Anim_fans_walk.uexp" 676
"E:/Data/GithubData/GroupProject4/Team4Project/Content/Demo/ArtResource/Anim/enemy/Bio/Anim_bio_walk_Anim.uasset" 677
"E:/Data/GithubData/GroupProject4/Team4Project/Content/Demo/ArtResource/Anim/enemy/Bio/Anim_bio_walk_Anim.uexp" 678
"E:/Data/GithubData/GroupProject4/Team4Project/Content/Demo/ArtResource/Anim/enemy/Enum_CharacterAnimState.uasset" 679
"E:/Data/GithubData/GroupProject4/Team4Project/Content/Demo/ArtResource/Anim/enemy/Enum_CharacterAnimState.uexp" 680
"E:/Data/GithubData/GroupProject4/Team4Project/Content/Demo/ArtResource/Anim/enemy/BPI_CharacterAnimation.uasset" 681
"E:/Data/GithubData/GroupProject4/Team4Project/Content/Demo/ArtResource/Anim/enemy/BPI_CharacterAnimation.uexp" 682
"E:/Data/GithubData/GroupProject4/Team4Project/Content/Demo/ArtResource/Anim/enemy/Bio/ABP_Bio.uasset" 683
"E:/Data/GithubData/GroupProject4/Team4Project/Content/Demo/ArtResource/Anim/enemy/Bio/ABP_Bio.uexp" 684
"E:/Data/GithubData/GroupProject4/Team4Project/Content/Demo/ArtResource/Textures/enemy/fly_Emission.ubulk" 685
"E:/Data/GithubData/GroupProject4/Team4Project/Content/Demo/ArtResource/Textures/enemy/fly_Emission.uasset" 686
"E:/Data/GithubData/GroupProject4/Team4Project/Content/Demo/ArtResource/Textures/enemy/fly_Emission.uexp" 687
"E:/Data/GithubData/GroupProject4/Team4Project/Content/Demo/ArtResource/Textures/enemy/fly_Roughness.ubulk" 688
"E:/Data/GithubData/GroupProject4/Team4Project/Content/Demo/ArtResource/Textures/enemy/fly_Roughness.uasset" 689
"E:/Data/GithubData/GroupProject4/Team4Project/Content/Demo/ArtResource/Textures/enemy/fly_Roughness.uexp" 690
"E:/Data/GithubData/GroupProject4/Team4Project/Content/Demo/ArtResource/Textures/enemy/fly_BaseColor.ubulk" 691
"E:/Data/GithubData/GroupProject4/Team4Project/Content/Demo/ArtResource/Textures/enemy/fly_BaseColor.uasset" 692
"E:/Data/GithubData/GroupProject4/Team4Project/Content/Demo/ArtResource/Textures/enemy/fly_BaseColor.uexp" 693
"E:/Data/GithubData/GroupProject4/Team4Project/Content/Demo/ArtResource/Textures/enemy/fly_Normal.ubulk" 694
"E:/Data/GithubData/GroupProject4/Team4Project/Content/Demo/ArtResource/Textures/enemy/fly_Normal.uasset" 695
"E:/Data/GithubData/GroupProject4/Team4Project/Content/Demo/ArtResource/Textures/enemy/fly_Normal.uexp" 696
"E:/Data/GithubData/GroupProject4/Team4Project/Content/Demo/ArtResource/Textures/enemy/fly_Metallic.ubulk" 697
"E:/Data/GithubData/GroupProject4/Team4Project/Content/Demo/ArtResource/Textures/enemy/fly_Metallic.uasset" 698
"E:/Data/GithubData/GroupProject4/Team4Project/Content/Demo/ArtResource/Textures/enemy/fly_Metallic.uexp" 699
"E:/Data/GithubData/GroupProject4/Team4Project/Content/Demo/ArtResource/Material/MI_fly.uasset" 700
"E:/Data/GithubData/GroupProject4/Team4Project/Content/Demo/ArtResource/Material/MI_fly.uexp" 701
"E:/Data/GithubData/GroupProject4/Team4Project/Content/Demo/ArtResource/Material/MI_fly_Inst.uasset" 702
"E:/Data/GithubData/GroupProject4/Team4Project/Content/Demo/ArtResource/Material/MI_fly_Inst.uexp" 703
"E:/Data/GithubData/GroupProject4/Team4Project/Content/Demo/ArtResource/Anim/enemy/Fly/Anim_fly_move_PhysicsAsset.uasset" 704
"E:/Data/GithubData/GroupProject4/Team4Project/Content/Demo/ArtResource/Anim/enemy/Fly/Anim_fly_move_PhysicsAsset.uexp" 705
"E:/Data/GithubData/GroupProject4/Team4Project/Content/Demo/ArtResource/Anim/enemy/Fly/Anim_fly_move_Skeleton.uasset" 706
"E:/Data/GithubData/GroupProject4/Team4Project/Content/Demo/ArtResource/Anim/enemy/Fly/Anim_fly_move_Skeleton.uexp" 707
"E:/Data/GithubData/GroupProject4/Team4Project/Content/Demo/ArtResource/Anim/enemy/Fly/Anim_fly_move.uasset" 708
"E:/Data/GithubData/GroupProject4/Team4Project/Content/Demo/ArtResource/Anim/enemy/Fly/Anim_fly_move.uexp" 709
"E:/Data/GithubData/GroupProject4/Team4Project/Content/Demo/ArtResource/Textures/enemy/ghost_Metallic.ubulk" 710
"E:/Data/GithubData/GroupProject4/Team4Project/Content/Demo/ArtResource/Textures/enemy/ghost_Metallic.uasset" 711
"E:/Data/GithubData/GroupProject4/Team4Project/Content/Demo/ArtResource/Textures/enemy/ghost_Metallic.uexp" 712
"E:/Data/GithubData/GroupProject4/Team4Project/Content/Demo/ArtResource/Textures/enemy/ghost_Normal.ubulk" 713
"E:/Data/GithubData/GroupProject4/Team4Project/Content/Demo/ArtResource/Textures/enemy/ghost_Normal.uasset" 714
"E:/Data/GithubData/GroupProject4/Team4Project/Content/Demo/ArtResource/Textures/enemy/ghost_Normal.uexp" 715
"E:/Data/GithubData/GroupProject4/Team4Project/Content/Demo/ArtResource/Textures/enemy/ghost_BaseColor.ubulk" 716
"E:/Data/GithubData/GroupProject4/Team4Project/Content/Demo/ArtResource/Textures/enemy/ghost_BaseColor.uasset" 717
"E:/Data/GithubData/GroupProject4/Team4Project/Content/Demo/ArtResource/Textures/enemy/ghost_BaseColor.uexp" 718
"E:/Data/GithubData/GroupProject4/Team4Project/Content/Demo/ArtResource/Textures/enemy/ghost_Roughness.ubulk" 719
"E:/Data/GithubData/GroupProject4/Team4Project/Content/Demo/ArtResource/Textures/enemy/ghost_Roughness.uasset" 720
"E:/Data/GithubData/GroupProject4/Team4Project/Content/Demo/ArtResource/Textures/enemy/ghost_Roughness.uexp" 721
"E:/Data/GithubData/GroupProject4/Team4Project/Content/Demo/ArtResource/Material/MA_ghost.uasset" 722
"E:/Data/GithubData/GroupProject4/Team4Project/Content/Demo/ArtResource/Material/MA_ghost.uexp" 723
"E:/Data/GithubData/GroupProject4/Team4Project/Content/Demo/ArtResource/Anim/enemy/Ghost/Anim_ghost_walk_Skeleton.uasset" 724
"E:/Data/GithubData/GroupProject4/Team4Project/Content/Demo/ArtResource/Anim/enemy/Ghost/Anim_ghost_walk_Skeleton.uexp" 725
"E:/Data/GithubData/GroupProject4/Team4Project/Content/Demo/ArtResource/Anim/enemy/Ghost/Anim_ghost_walk_PhysicsAsset.uasset" 726
"E:/Data/GithubData/GroupProject4/Team4Project/Content/Demo/ArtResource/Anim/enemy/Ghost/Anim_ghost_walk_PhysicsAsset.uexp" 727
"E:/Data/GithubData/GroupProject4/Team4Project/Content/Demo/ArtResource/Anim/enemy/Ghost/Anim_ghost_walk.uasset" 728
"E:/Data/GithubData/GroupProject4/Team4Project/Content/Demo/ArtResource/Anim/enemy/Ghost/Anim_ghost_walk.uexp" 729
"E:/Data/GithubData/GroupProject4/Team4Project/Content/Demo/ArtResource/Anim/enemy/Fans/Anim_fans_walk_Anim.uasset" 730
"E:/Data/GithubData/GroupProject4/Team4Project/Content/Demo/ArtResource/Anim/enemy/Fans/Anim_fans_walk_Anim.uexp" 731
"E:/Data/GithubData/GroupProject4/Team4Project/Content/Demo/ArtResource/Anim/enemy/Fans/ABP_Fans.uasset" 732
"E:/Data/GithubData/GroupProject4/Team4Project/Content/Demo/ArtResource/Anim/enemy/Fans/ABP_Fans.uexp" 733
"E:/Data/GithubData/GroupProject4/Team4Project/Content/Demo/ArtResource/Anim/enemy/Fly/Anim_fly_move_Anim.uasset" 734
"E:/Data/GithubData/GroupProject4/Team4Project/Content/Demo/ArtResource/Anim/enemy/Fly/Anim_fly_move_Anim.uexp" 735
"E:/Data/GithubData/GroupProject4/Team4Project/Content/Demo/ArtResource/Anim/enemy/Fly/ABP_Fly.uasset" 736
"E:/Data/GithubData/GroupProject4/Team4Project/Content/Demo/ArtResource/Anim/enemy/Fly/ABP_Fly.uexp" 737
"E:/Data/GithubData/GroupProject4/Team4Project/Content/Demo/ArtResource/Anim/enemy/Ghost/Anim_ghost_walk_Anim.uasset" 738
"E:/Data/GithubData/GroupProject4/Team4Project/Content/Demo/ArtResource/Anim/enemy/Ghost/Anim_ghost_walk_Anim.uexp" 739
"E:/Data/GithubData/GroupProject4/Team4Project/Content/Demo/ArtResource/Anim/enemy/Ghost/ABP_Ghost.uasset" 740
"E:/Data/GithubData/GroupProject4/Team4Project/Content/Demo/ArtResource/Anim/enemy/Ghost/ABP_Ghost.uexp" 741
"E:/Data/GithubData/GroupProject4/Team4Project/Content/BluePrint/Core/Character/Utilities_Enemy/DT_DefaultEnemyDataPerType.uasset" 742
"E:/Data/GithubData/GroupProject4/Team4Project/Content/BluePrint/Core/Character/Utilities_Enemy/DT_DefaultEnemyDataPerType.uexp" 743
"E:/Data/GithubData/GroupProject4/Team4Project/Content/BluePrint/Core/Character/Utilities_Enemy/BFL_Enemy.uasset" 744
"E:/Data/GithubData/GroupProject4/Team4Project/Content/BluePrint/Core/Character/Utilities_Enemy/BFL_Enemy.uexp" 745
"E:/Data/GithubData/GroupProject4/Team4Project/Content/Demo/ArtResource/Textures/CombatIcon/T_EnemyInSceneCapture.ubulk" 746
"E:/Data/GithubData/GroupProject4/Team4Project/Content/Demo/ArtResource/Textures/CombatIcon/T_EnemyInSceneCapture.uasset" 747
"E:/Data/GithubData/GroupProject4/Team4Project/Content/Demo/ArtResource/Textures/CombatIcon/T_EnemyInSceneCapture.uexp" 748
"E:/Data/GithubData/GroupProject4/Team4Project/Content/Demo/ArtResource/Textures/CombatIcon/T_EnemyInSceneCapture_Sprite.uasset" 749
"E:/Data/GithubData/GroupProject4/Team4Project/Content/Demo/ArtResource/Textures/CombatIcon/T_EnemyInSceneCapture_Sprite.uexp" 750
"E:/Data/GithubData/GroupProject4/Team4Project/Content/Demo/ArtResource/Material/LowResBlurredNoise.uasset" 751
"E:/Data/GithubData/GroupProject4/Team4Project/Content/Demo/ArtResource/Material/LowResBlurredNoise.uexp" 752
"../../../Engine/Content/Functions/Engine_MaterialFunctions03/Procedurals/GeneratedBand.uasset" 753
"../../../Engine/Content/Functions/Engine_MaterialFunctions03/Procedurals/GeneratedBand.uexp" 754
"E:/Data/GithubData/GroupProject4/Team4Project/Content/Demo/ArtResource/Material/T_Noise_4.ubulk" 755
"E:/Data/GithubData/GroupProject4/Team4Project/Content/Demo/ArtResource/Material/T_Noise_4.uasset" 756
"E:/Data/GithubData/GroupProject4/Team4Project/Content/Demo/ArtResource/Material/T_Noise_4.uexp" 757
"E:/Data/GithubData/GroupProject4/Team4Project/Content/Demo/ArtResource/Material/T_Shield.ubulk" 758
"E:/Data/GithubData/GroupProject4/Team4Project/Content/Demo/ArtResource/Material/T_Shield.uasset" 759
"E:/Data/GithubData/GroupProject4/Team4Project/Content/Demo/ArtResource/Material/T_Shield.uexp" 760
"../../../Engine/Content/Functions/Engine_MaterialFunctions01/Texturing/WorldAlignedTexture.uasset" 761
"../../../Engine/Content/Functions/Engine_MaterialFunctions01/Texturing/WorldAlignedTexture.uexp" 762
"../../../Engine/Content/Functions/Engine_MaterialFunctions02/3PointLevels.uasset" 763
"../../../Engine/Content/Functions/Engine_MaterialFunctions02/3PointLevels.uexp" 764
"E:/Data/GithubData/GroupProject4/Team4Project/Content/Demo/ArtResource/Material/Ma_Shield.uasset" 765
"E:/Data/GithubData/GroupProject4/Team4Project/Content/Demo/ArtResource/Material/Ma_Shield.uexp" 766
"E:/Data/GithubData/GroupProject4/Team4Project/Content/Demo/ArtResource/Material/T_Noise.ubulk" 767
"E:/Data/GithubData/GroupProject4/Team4Project/Content/Demo/ArtResource/Material/T_Noise.uasset" 768
"E:/Data/GithubData/GroupProject4/Team4Project/Content/Demo/ArtResource/Material/T_Noise.uexp" 769
"E:/Data/GithubData/GroupProject4/Team4Project/Content/Demo/ArtResource/Material/T_Noise_1.ubulk" 770
"E:/Data/GithubData/GroupProject4/Team4Project/Content/Demo/ArtResource/Material/T_Noise_1.uasset" 771
"E:/Data/GithubData/GroupProject4/Team4Project/Content/Demo/ArtResource/Material/T_Noise_1.uexp" 772
"E:/Data/GithubData/GroupProject4/Team4Project/Content/Demo/ArtResource/Material/T_Noise_2.uasset" 773
"E:/Data/GithubData/GroupProject4/Team4Project/Content/Demo/ArtResource/Material/T_Noise_2.uexp" 774
"E:/Data/GithubData/GroupProject4/Team4Project/Content/Demo/ArtResource/Material/T_Noise_3.ubulk" 775
"E:/Data/GithubData/GroupProject4/Team4Project/Content/Demo/ArtResource/Material/T_Noise_3.uasset" 776
"E:/Data/GithubData/GroupProject4/Team4Project/Content/Demo/ArtResource/Material/T_Noise_3.uexp" 777
"E:/Data/GithubData/GroupProject4/Team4Project/Content/Demo/ArtResource/Material/MI_Shield_1.uasset" 778
"E:/Data/GithubData/GroupProject4/Team4Project/Content/Demo/ArtResource/Material/MI_Shield_1.uexp" 779
"E:/Data/GithubData/GroupProject4/Team4Project/Content/AdvancedLocomotionV4/CharacterAssets/MannequinSkeleton/Materials/M_AnimMan_Eyes.uasset" 780
"E:/Data/GithubData/GroupProject4/Team4Project/Content/AdvancedLocomotionV4/CharacterAssets/MannequinSkeleton/Materials/M_AnimMan_Eyes.uexp" 781
"E:/Data/GithubData/GroupProject4/Team4Project/Content/AdvancedLocomotionV4/CharacterAssets/MannequinSkeleton/Materials/M_AnimMan_Default.uasset" 782
"E:/Data/GithubData/GroupProject4/Team4Project/Content/AdvancedLocomotionV4/CharacterAssets/MannequinSkeleton/Materials/M_AnimMan_Default.uexp" 783
"E:/Data/GithubData/GroupProject4/Team4Project/Content/AdvancedLocomotionV4/CharacterAssets/MannequinSkeleton/PhysicsAssets/AnimMan_PhysicsAsset.uasset" 784
"E:/Data/GithubData/GroupProject4/Team4Project/Content/AdvancedLocomotionV4/CharacterAssets/MannequinSkeleton/PhysicsAssets/AnimMan_PhysicsAsset.uexp" 785
"E:/Data/GithubData/GroupProject4/Team4Project/Content/AdvancedLocomotionV4/CharacterAssets/MannequinSkeleton/Meshes/AnimMan.uasset" 786
"E:/Data/GithubData/GroupProject4/Team4Project/Content/AdvancedLocomotionV4/CharacterAssets/MannequinSkeleton/Meshes/AnimMan.uexp" 787
"E:/Data/GithubData/GroupProject4/Team4Project/Content/AdvancedLocomotionV4/Data/Enums/FootstepType.uasset" 788
"E:/Data/GithubData/GroupProject4/Team4Project/Content/AdvancedLocomotionV4/Data/Enums/FootstepType.uexp" 789
"E:/Data/GithubData/GroupProject4/Team4Project/Content/AdvancedLocomotionV4/Audio/Footsteps/Concrete_Step_01.ubulk" 790
"E:/Data/GithubData/GroupProject4/Team4Project/Content/AdvancedLocomotionV4/Audio/Footsteps/Concrete_Step_01.uasset" 791
"E:/Data/GithubData/GroupProject4/Team4Project/Content/AdvancedLocomotionV4/Audio/Footsteps/Concrete_Step_01.uexp" 792
"E:/Data/GithubData/GroupProject4/Team4Project/Content/AdvancedLocomotionV4/Audio/Footsteps/Concrete_Step_02.ubulk" 793
"E:/Data/GithubData/GroupProject4/Team4Project/Content/AdvancedLocomotionV4/Audio/Footsteps/Concrete_Step_02.uasset" 794
"E:/Data/GithubData/GroupProject4/Team4Project/Content/AdvancedLocomotionV4/Audio/Footsteps/Concrete_Step_02.uexp" 795
"E:/Data/GithubData/GroupProject4/Team4Project/Content/AdvancedLocomotionV4/Audio/Footsteps/Concrete_Pivot_01.ubulk" 796
"E:/Data/GithubData/GroupProject4/Team4Project/Content/AdvancedLocomotionV4/Audio/Footsteps/Concrete_Pivot_01.uasset" 797
"E:/Data/GithubData/GroupProject4/Team4Project/Content/AdvancedLocomotionV4/Audio/Footsteps/Concrete_Pivot_01.uexp" 798
"E:/Data/GithubData/GroupProject4/Team4Project/Content/AdvancedLocomotionV4/Audio/Footsteps/Concrete_Walk_02.ubulk" 799
"E:/Data/GithubData/GroupProject4/Team4Project/Content/AdvancedLocomotionV4/Audio/Footsteps/Concrete_Walk_02.uasset" 800
"E:/Data/GithubData/GroupProject4/Team4Project/Content/AdvancedLocomotionV4/Audio/Footsteps/Concrete_Walk_02.uexp" 801
"E:/Data/GithubData/GroupProject4/Team4Project/Content/AdvancedLocomotionV4/Audio/Footsteps/Concrete_Walk_01.ubulk" 802
"E:/Data/GithubData/GroupProject4/Team4Project/Content/AdvancedLocomotionV4/Audio/Footsteps/Concrete_Walk_01.uasset" 803
"E:/Data/GithubData/GroupProject4/Team4Project/Content/AdvancedLocomotionV4/Audio/Footsteps/Concrete_Walk_01.uexp" 804
"E:/Data/GithubData/GroupProject4/Team4Project/Content/AdvancedLocomotionV4/Audio/Footsteps/Concrete_Walk_03.ubulk" 805
"E:/Data/GithubData/GroupProject4/Team4Project/Content/AdvancedLocomotionV4/Audio/Footsteps/Concrete_Walk_03.uasset" 806
"E:/Data/GithubData/GroupProject4/Team4Project/Content/AdvancedLocomotionV4/Audio/Footsteps/Concrete_Walk_03.uexp" 807
"E:/Data/GithubData/GroupProject4/Team4Project/Content/AdvancedLocomotionV4/Audio/Footsteps/Concrete_Walk_04.ubulk" 808
"E:/Data/GithubData/GroupProject4/Team4Project/Content/AdvancedLocomotionV4/Audio/Footsteps/Concrete_Walk_04.uasset" 809
"E:/Data/GithubData/GroupProject4/Team4Project/Content/AdvancedLocomotionV4/Audio/Footsteps/Concrete_Walk_04.uexp" 810
"E:/Data/GithubData/GroupProject4/Team4Project/Content/AdvancedLocomotionV4/Audio/Footsteps/Concrete_Step_03.ubulk" 811
"E:/Data/GithubData/GroupProject4/Team4Project/Content/AdvancedLocomotionV4/Audio/Footsteps/Concrete_Step_03.uasset" 812
"E:/Data/GithubData/GroupProject4/Team4Project/Content/AdvancedLocomotionV4/Audio/Footsteps/Concrete_Step_03.uexp" 813
"E:/Data/GithubData/GroupProject4/Team4Project/Content/AdvancedLocomotionV4/Audio/Footsteps/Concrete_Pivot_02.ubulk" 814
"E:/Data/GithubData/GroupProject4/Team4Project/Content/AdvancedLocomotionV4/Audio/Footsteps/Concrete_Pivot_02.uasset" 815
"E:/Data/GithubData/GroupProject4/Team4Project/Content/AdvancedLocomotionV4/Audio/Footsteps/Concrete_Pivot_02.uexp" 816
"E:/Data/GithubData/GroupProject4/Team4Project/Content/AdvancedLocomotionV4/Audio/Footsteps/Footstep_Cue.uasset" 817
"E:/Data/GithubData/GroupProject4/Team4Project/Content/AdvancedLocomotionV4/Audio/Footsteps/Footstep_Cue.uexp" 818
"E:/Data/GithubData/GroupProject4/Team4Project/Content/AdvancedLocomotionV4/Blueprints/AnimNotifys/Footstep_AnimNotify.uasset" 819
"E:/Data/GithubData/GroupProject4/Team4Project/Content/AdvancedLocomotionV4/Blueprints/AnimNotifys/Footstep_AnimNotify.uexp" 820
"E:/Data/GithubData/GroupProject4/Team4Project/Content/AdvancedLocomotionV4/Blueprints/AnimNotifys/CameraShake_Notify.uasset" 821
"E:/Data/GithubData/GroupProject4/Team4Project/Content/AdvancedLocomotionV4/Blueprints/AnimNotifys/CameraShake_Notify.uexp" 822
"E:/Data/GithubData/GroupProject4/Team4Project/Content/AdvancedLocomotionV4/Blueprints/Misc/Sprint_CameraShake.uasset" 823
"E:/Data/GithubData/GroupProject4/Team4Project/Content/AdvancedLocomotionV4/Blueprints/Misc/Sprint_CameraShake.uexp" 824
"E:/Data/GithubData/GroupProject4/Team4Project/Content/AdvancedLocomotionV4/CharacterAssets/MannequinSkeleton/AnimationExamples/Base/Locomotion/ALS_N_Sprint_F.uasset" 825
"E:/Data/GithubData/GroupProject4/Team4Project/Content/AdvancedLocomotionV4/CharacterAssets/MannequinSkeleton/AnimationExamples/Base/Locomotion/ALS_N_Sprint_F.uexp" 826
"E:/Data/GithubData/GroupProject4/Team4Project/Content/AdvancedLocomotionV4/CharacterAssets/MannequinSkeleton/AnimationExamples/Base/InAir/ALS_N_JumpWalk_LF.uasset" 827
"E:/Data/GithubData/GroupProject4/Team4Project/Content/AdvancedLocomotionV4/CharacterAssets/MannequinSkeleton/AnimationExamples/Base/InAir/ALS_N_JumpWalk_LF.uexp" 828
"E:/Data/GithubData/GroupProject4/Team4Project/Content/AdvancedLocomotionV4/Data/Enums/HipsDirection.uasset" 829
"E:/Data/GithubData/GroupProject4/Team4Project/Content/AdvancedLocomotionV4/Data/Enums/HipsDirection.uexp" 830
"E:/Data/GithubData/GroupProject4/Team4Project/Content/AdvancedLocomotionV4/CharacterAssets/MannequinSkeleton/AnimationExamples/Overlay/M4A1/ALS_Props_M4A1_Run_F_Arms.uasset" 831
"E:/Data/GithubData/GroupProject4/Team4Project/Content/AdvancedLocomotionV4/CharacterAssets/MannequinSkeleton/AnimationExamples/Overlay/M4A1/ALS_Props_M4A1_Run_F_Arms.uexp" 832
"E:/Data/GithubData/GroupProject4/Team4Project/Content/AdvancedLocomotionV4/CharacterAssets/MannequinSkeleton/AnimationExamples/Overlay/M4A1/ALS_Props_M4A1_Sprint_F_Impulse_Arms.uasset" 833
"E:/Data/GithubData/GroupProject4/Team4Project/Content/AdvancedLocomotionV4/CharacterAssets/MannequinSkeleton/AnimationExamples/Overlay/M4A1/ALS_Props_M4A1_Sprint_F_Impulse_Arms.uexp" 834
"E:/Data/GithubData/GroupProject4/Team4Project/Content/AdvancedLocomotionV4/CharacterAssets/MannequinSkeleton/AnimationExamples/Overlay/Bow/ALS_Props_Bow_Poses.uasset" 835
"E:/Data/GithubData/GroupProject4/Team4Project/Content/AdvancedLocomotionV4/CharacterAssets/MannequinSkeleton/AnimationExamples/Overlay/Bow/ALS_Props_Bow_Poses.uexp" 836
"E:/Data/GithubData/GroupProject4/Team4Project/Content/AdvancedLocomotionV4/Data/Curves/AnimationBlendCurves/LookOut.uasset" 837
"E:/Data/GithubData/GroupProject4/Team4Project/Content/AdvancedLocomotionV4/Data/Curves/AnimationBlendCurves/LookOut.uexp" 838
"E:/Data/GithubData/GroupProject4/Team4Project/Content/AdvancedLocomotionV4/CharacterAssets/MannequinSkeleton/AnimationExamples/Base/BasePoses/ALS_N_Pose.uasset" 839
"E:/Data/GithubData/GroupProject4/Team4Project/Content/AdvancedLocomotionV4/CharacterAssets/MannequinSkeleton/AnimationExamples/Base/BasePoses/ALS_N_Pose.uexp" 840
"E:/Data/GithubData/GroupProject4/Team4Project/Content/AdvancedLocomotionV4/CharacterAssets/MannequinSkeleton/AnimationExamples/Base/TurnInPlace/ALS_N_TurnIP_L180.uasset" 841
"E:/Data/GithubData/GroupProject4/Team4Project/Content/AdvancedLocomotionV4/CharacterAssets/MannequinSkeleton/AnimationExamples/Base/TurnInPlace/ALS_N_TurnIP_L180.uexp" 842
"E:/Data/GithubData/GroupProject4/Team4Project/Content/AdvancedLocomotionV4/CharacterAssets/MannequinSkeleton/AnimationExamples/Overlay/M4A1/ALS_Props_M4A1_Poses_NoCurves.uasset" 843
"E:/Data/GithubData/GroupProject4/Team4Project/Content/AdvancedLocomotionV4/CharacterAssets/MannequinSkeleton/AnimationExamples/Overlay/M4A1/ALS_Props_M4A1_Poses_NoCurves.uexp" 844
"E:/Data/GithubData/GroupProject4/Team4Project/Content/AdvancedLocomotionV4/CharacterAssets/MannequinSkeleton/AnimationExamples/Overlay/M4A1/ALS_Props_M4A1_Aim_Sweep_Crouched.uasset" 845
"E:/Data/GithubData/GroupProject4/Team4Project/Content/AdvancedLocomotionV4/CharacterAssets/MannequinSkeleton/AnimationExamples/Overlay/M4A1/ALS_Props_M4A1_Aim_Sweep_Crouched.uexp" 846
"E:/Data/GithubData/GroupProject4/Team4Project/Content/AdvancedLocomotionV4/Data/Enums/ALS_Stance.uasset" 847
"E:/Data/GithubData/GroupProject4/Team4Project/Content/AdvancedLocomotionV4/Data/Enums/ALS_Stance.uexp" 848
"E:/Data/GithubData/GroupProject4/Team4Project/Content/AdvancedLocomotionV4/Data/Enums/ALS_MovementAction.uasset" 849
"E:/Data/GithubData/GroupProject4/Team4Project/Content/AdvancedLocomotionV4/Data/Enums/ALS_MovementAction.uexp" 850
"E:/Data/GithubData/GroupProject4/Team4Project/Content/AdvancedLocomotionV4/Data/Enums/ALS_Gait.uasset" 851
"E:/Data/GithubData/GroupProject4/Team4Project/Content/AdvancedLocomotionV4/Data/Enums/ALS_Gait.uexp" 852
"E:/Data/GithubData/GroupProject4/Team4Project/Content/AdvancedLocomotionV4/Data/Enums/ALS_OverlayState.uasset" 853
"E:/Data/GithubData/GroupProject4/Team4Project/Content/AdvancedLocomotionV4/Data/Enums/ALS_OverlayState.uexp" 854
"E:/Data/GithubData/GroupProject4/Team4Project/Content/AdvancedLocomotionV4/Data/Enums/ALS_ViewMode.uasset" 855
"E:/Data/GithubData/GroupProject4/Team4Project/Content/AdvancedLocomotionV4/Data/Enums/ALS_ViewMode.uexp" 856
"E:/Data/GithubData/GroupProject4/Team4Project/Content/AdvancedLocomotionV4/Data/Enums/ALS_RotationMode.uasset" 857
"E:/Data/GithubData/GroupProject4/Team4Project/Content/AdvancedLocomotionV4/Data/Enums/ALS_RotationMode.uexp" 858
"E:/Data/GithubData/GroupProject4/Team4Project/Content/AdvancedLocomotionV4/Data/Enums/ALS_MovementState.uasset" 859
"E:/Data/GithubData/GroupProject4/Team4Project/Content/AdvancedLocomotionV4/Data/Enums/ALS_MovementState.uexp" 860
"E:/Data/GithubData/GroupProject4/Team4Project/Content/AdvancedLocomotionV4/Blueprints/Interfaces/ALS_Character_BPI.uasset" 861
"E:/Data/GithubData/GroupProject4/Team4Project/Content/AdvancedLocomotionV4/Blueprints/Interfaces/ALS_Character_BPI.uexp" 862
"E:/Data/GithubData/GroupProject4/Team4Project/Content/AdvancedLocomotionV4/CharacterAssets/MannequinSkeleton/AnimationExamples/Overlay/StanceVariations/ALS_StanceVariation_Masculine.uasset" 863
"E:/Data/GithubData/GroupProject4/Team4Project/Content/AdvancedLocomotionV4/CharacterAssets/MannequinSkeleton/AnimationExamples/Overlay/StanceVariations/ALS_StanceVariation_Masculine.uexp" 864
"E:/Data/GithubData/GroupProject4/Team4Project/Content/AdvancedLocomotionV4/CharacterAssets/MannequinSkeleton/AnimationExamples/Base/Locomotion/Detail/ALS_N_Run_BasePose.uasset" 865
"E:/Data/GithubData/GroupProject4/Team4Project/Content/AdvancedLocomotionV4/CharacterAssets/MannequinSkeleton/AnimationExamples/Base/Locomotion/Detail/ALS_N_Run_BasePose.uexp" 866
"E:/Data/GithubData/GroupProject4/Team4Project/Content/AdvancedLocomotionV4/CharacterAssets/MannequinSkeleton/AnimationExamples/Base/Locomotion/Detail/ALS_N_LocoDetail_Accel_L.uasset" 867
"E:/Data/GithubData/GroupProject4/Team4Project/Content/AdvancedLocomotionV4/CharacterAssets/MannequinSkeleton/AnimationExamples/Base/Locomotion/Detail/ALS_N_LocoDetail_Accel_L.uexp" 868
"E:/Data/GithubData/GroupProject4/Team4Project/Content/AdvancedLocomotionV4/CharacterAssets/MannequinSkeleton/AnimationExamples/Base/Locomotion/ALS_N_Sprint_F_Impulse.uasset" 869
"E:/Data/GithubData/GroupProject4/Team4Project/Content/AdvancedLocomotionV4/CharacterAssets/MannequinSkeleton/AnimationExamples/Base/Locomotion/ALS_N_Sprint_F_Impulse.uexp" 870
"E:/Data/GithubData/GroupProject4/Team4Project/Content/AdvancedLocomotionV4/CharacterAssets/MannequinSkeleton/AnimationExamples/Overlay/Binoculars/ALS_Props_Binoculars_Poses.uasset" 871
"E:/Data/GithubData/GroupProject4/Team4Project/Content/AdvancedLocomotionV4/CharacterAssets/MannequinSkeleton/AnimationExamples/Overlay/Binoculars/ALS_Props_Binoculars_Poses.uexp" 872
"E:/Data/GithubData/GroupProject4/Team4Project/Content/AdvancedLocomotionV4/Data/Curves/AnimationBlendCurves/ChangeStance.uasset" 873
"E:/Data/GithubData/GroupProject4/Team4Project/Content/AdvancedLocomotionV4/Data/Curves/AnimationBlendCurves/ChangeStance.uexp" 874
"E:/Data/GithubData/GroupProject4/Team4Project/Content/AdvancedLocomotionV4/CharacterAssets/MannequinSkeleton/AnimationExamples/Base/InAir/ALS_N_JumpRun_LF.uasset" 875
"E:/Data/GithubData/GroupProject4/Team4Project/Content/AdvancedLocomotionV4/CharacterAssets/MannequinSkeleton/AnimationExamples/Base/InAir/ALS_N_JumpRun_LF.uexp" 876
"E:/Data/GithubData/GroupProject4/Team4Project/Content/AdvancedLocomotionV4/CharacterAssets/MannequinSkeleton/AnimationExamples/Overlay/Pistol/ALS_Props_Pistol_1H_Poses_NoCurves.uasset" 877
"E:/Data/GithubData/GroupProject4/Team4Project/Content/AdvancedLocomotionV4/CharacterAssets/MannequinSkeleton/AnimationExamples/Overlay/Pistol/ALS_Props_Pistol_1H_Poses_NoCurves.uexp" 878
"E:/Data/GithubData/GroupProject4/Team4Project/Content/AdvancedLocomotionV4/CharacterAssets/MannequinSkeleton/AnimationExamples/Overlay/Pistol/ALS_Props_Pistol_1H_Aim_Sweep.uasset" 879
"E:/Data/GithubData/GroupProject4/Team4Project/Content/AdvancedLocomotionV4/CharacterAssets/MannequinSkeleton/AnimationExamples/Overlay/Pistol/ALS_Props_Pistol_1H_Aim_Sweep.uexp" 880
"E:/Data/GithubData/GroupProject4/Team4Project/Content/AdvancedLocomotionV4/CharacterAssets/MannequinSkeleton/AnimationExamples/Base/Locomotion/ALS_N_RunPose_F.uasset" 881
"E:/Data/GithubData/GroupProject4/Team4Project/Content/AdvancedLocomotionV4/CharacterAssets/MannequinSkeleton/AnimationExamples/Base/Locomotion/ALS_N_RunPose_F.uexp" 882
"E:/Data/GithubData/GroupProject4/Team4Project/Content/AdvancedLocomotionV4/CharacterAssets/MannequinSkeleton/AnimationExamples/Base/Locomotion/ALS_N_WalkPose_F.uasset" 883
"E:/Data/GithubData/GroupProject4/Team4Project/Content/AdvancedLocomotionV4/CharacterAssets/MannequinSkeleton/AnimationExamples/Base/Locomotion/ALS_N_WalkPose_F.uexp" 884
"E:/Data/GithubData/GroupProject4/Team4Project/Content/AdvancedLocomotionV4/CharacterAssets/MannequinSkeleton/AnimationExamples/Base/Locomotion/ALS_N_Run_B.uasset" 885
"E:/Data/GithubData/GroupProject4/Team4Project/Content/AdvancedLocomotionV4/CharacterAssets/MannequinSkeleton/AnimationExamples/Base/Locomotion/ALS_N_Run_B.uexp" 886
"E:/Data/GithubData/GroupProject4/Team4Project/Content/AdvancedLocomotionV4/CharacterAssets/MannequinSkeleton/AnimationExamples/Base/Locomotion/ALS_N_Walk_B.uasset" 887
"E:/Data/GithubData/GroupProject4/Team4Project/Content/AdvancedLocomotionV4/CharacterAssets/MannequinSkeleton/AnimationExamples/Base/Locomotion/ALS_N_Walk_B.uexp" 888
"E:/Data/GithubData/GroupProject4/Team4Project/Content/AdvancedLocomotionV4/CharacterAssets/MannequinSkeleton/AnimationExamples/Base/Locomotion/ALS_N_WalkRun_B.uasset" 889
"E:/Data/GithubData/GroupProject4/Team4Project/Content/AdvancedLocomotionV4/CharacterAssets/MannequinSkeleton/AnimationExamples/Base/Locomotion/ALS_N_WalkRun_B.uexp" 890
"E:/Data/GithubData/GroupProject4/Team4Project/Content/AdvancedLocomotionV4/CharacterAssets/MannequinSkeleton/AnimationExamples/Base/InAir/ALS_N_Land_Light_Additive.uasset" 891
"E:/Data/GithubData/GroupProject4/Team4Project/Content/AdvancedLocomotionV4/CharacterAssets/MannequinSkeleton/AnimationExamples/Base/InAir/ALS_N_Land_Light_Additive.uexp" 892
"E:/Data/GithubData/GroupProject4/Team4Project/Content/AdvancedLocomotionV4/CharacterAssets/MannequinSkeleton/AnimationExamples/Base/Transitions/ALS_N_Stop_L_Down.uasset" 893
"E:/Data/GithubData/GroupProject4/Team4Project/Content/AdvancedLocomotionV4/CharacterAssets/MannequinSkeleton/AnimationExamples/Base/Transitions/ALS_N_Stop_L_Down.uexp" 894
"E:/Data/GithubData/GroupProject4/Team4Project/Content/AdvancedLocomotionV4/CharacterAssets/MannequinSkeleton/AnimationExamples/Base/Locomotion/ALS_N_Walk_LB.uasset" 895
"E:/Data/GithubData/GroupProject4/Team4Project/Content/AdvancedLocomotionV4/CharacterAssets/MannequinSkeleton/AnimationExamples/Base/Locomotion/ALS_N_Walk_LB.uexp" 896
"E:/Data/GithubData/GroupProject4/Team4Project/Content/AdvancedLocomotionV4/CharacterAssets/MannequinSkeleton/AnimationExamples/Base/Locomotion/ALS_N_Run_LB.uasset" 897
"E:/Data/GithubData/GroupProject4/Team4Project/Content/AdvancedLocomotionV4/CharacterAssets/MannequinSkeleton/AnimationExamples/Base/Locomotion/ALS_N_Run_LB.uexp" 898
"E:/Data/GithubData/GroupProject4/Team4Project/Content/AdvancedLocomotionV4/CharacterAssets/MannequinSkeleton/AnimationExamples/Base/Locomotion/ALS_N_RunPose_R.uasset" 899
"E:/Data/GithubData/GroupProject4/Team4Project/Content/AdvancedLocomotionV4/CharacterAssets/MannequinSkeleton/AnimationExamples/Base/Locomotion/ALS_N_RunPose_R.uexp" 900
"E:/Data/GithubData/GroupProject4/Team4Project/Content/AdvancedLocomotionV4/CharacterAssets/MannequinSkeleton/AnimationExamples/Base/Locomotion/ALS_N_WalkPose_R.uasset" 901
"E:/Data/GithubData/GroupProject4/Team4Project/Content/AdvancedLocomotionV4/CharacterAssets/MannequinSkeleton/AnimationExamples/Base/Locomotion/ALS_N_WalkPose_R.uexp" 902
"E:/Data/GithubData/GroupProject4/Team4Project/Content/AdvancedLocomotionV4/CharacterAssets/MannequinSkeleton/AnimationExamples/Base/Locomotion/ALS_N_WalkRun_BL.uasset" 903
"E:/Data/GithubData/GroupProject4/Team4Project/Content/AdvancedLocomotionV4/CharacterAssets/MannequinSkeleton/AnimationExamples/Base/Locomotion/ALS_N_WalkRun_BL.uexp" 904
"E:/Data/GithubData/GroupProject4/Team4Project/Content/AdvancedLocomotionV4/CharacterAssets/MannequinSkeleton/AnimationExamples/Base/Locomotion/Detail/ALS_N_LocoDetail_Accel_B.uasset" 905
"E:/Data/GithubData/GroupProject4/Team4Project/Content/AdvancedLocomotionV4/CharacterAssets/MannequinSkeleton/AnimationExamples/Base/Locomotion/Detail/ALS_N_LocoDetail_Accel_B.uexp" 906
"E:/Data/GithubData/GroupProject4/Team4Project/Content/AdvancedLocomotionV4/CharacterAssets/MannequinSkeleton/AnimationExamples/Overlay/Shared/ALS_N_SecondaryMotion.uasset" 907
"E:/Data/GithubData/GroupProject4/Team4Project/Content/AdvancedLocomotionV4/CharacterAssets/MannequinSkeleton/AnimationExamples/Overlay/Shared/ALS_N_SecondaryMotion.uexp" 908
"E:/Data/GithubData/GroupProject4/Team4Project/Content/AdvancedLocomotionV4/CharacterAssets/MannequinSkeleton/AnimationExamples/Overlay/StanceVariations/ALS_StanceVariation_HandsTied.uasset" 909
"E:/Data/GithubData/GroupProject4/Team4Project/Content/AdvancedLocomotionV4/CharacterAssets/MannequinSkeleton/AnimationExamples/Overlay/StanceVariations/ALS_StanceVariation_HandsTied.uexp" 910
"E:/Data/GithubData/GroupProject4/Team4Project/Content/AdvancedLocomotionV4/CharacterAssets/MannequinSkeleton/AnimationExamples/Overlay/StanceVariations/ALS_StanceVariation_Feminine.uasset" 911
"E:/Data/GithubData/GroupProject4/Team4Project/Content/AdvancedLocomotionV4/CharacterAssets/MannequinSkeleton/AnimationExamples/Overlay/StanceVariations/ALS_StanceVariation_Feminine.uexp" 912
"E:/Data/GithubData/GroupProject4/Team4Project/Content/AdvancedLocomotionV4/CharacterAssets/MannequinSkeleton/AnimationExamples/Base/TurnInPlace/ALS_CLF_TurnIP_R180.uasset" 913
"E:/Data/GithubData/GroupProject4/Team4Project/Content/AdvancedLocomotionV4/CharacterAssets/MannequinSkeleton/AnimationExamples/Base/TurnInPlace/ALS_CLF_TurnIP_R180.uexp" 914
"E:/Data/GithubData/GroupProject4/Team4Project/Content/AdvancedLocomotionV4/CharacterAssets/MannequinSkeleton/AnimationExamples/Base/Locomotion/ALS_N_Walk_RB.uasset" 915
"E:/Data/GithubData/GroupProject4/Team4Project/Content/AdvancedLocomotionV4/CharacterAssets/MannequinSkeleton/AnimationExamples/Base/Locomotion/ALS_N_Walk_RB.uexp" 916
"E:/Data/GithubData/GroupProject4/Team4Project/Content/AdvancedLocomotionV4/CharacterAssets/MannequinSkeleton/AnimationExamples/Overlay/Box/ALS_Props_Box_Poses.uasset" 917
"E:/Data/GithubData/GroupProject4/Team4Project/Content/AdvancedLocomotionV4/CharacterAssets/MannequinSkeleton/AnimationExamples/Overlay/Box/ALS_Props_Box_Poses.uexp" 918
"E:/Data/GithubData/GroupProject4/Team4Project/Content/AdvancedLocomotionV4/CharacterAssets/MannequinSkeleton/AnimationExamples/Overlay/Torch/ALS_Props_Torch_Poses_NoCurves.uasset" 919
"E:/Data/GithubData/GroupProject4/Team4Project/Content/AdvancedLocomotionV4/CharacterAssets/MannequinSkeleton/AnimationExamples/Overlay/Torch/ALS_Props_Torch_Poses_NoCurves.uexp" 920
"E:/Data/GithubData/GroupProject4/Team4Project/Content/AdvancedLocomotionV4/CharacterAssets/MannequinSkeleton/AnimationExamples/Overlay/Torch/ALS_Props_Torch_Aim_Sweep.uasset" 921
"E:/Data/GithubData/GroupProject4/Team4Project/Content/AdvancedLocomotionV4/CharacterAssets/MannequinSkeleton/AnimationExamples/Overlay/Torch/ALS_Props_Torch_Aim_Sweep.uexp" 922
"E:/Data/GithubData/GroupProject4/Team4Project/Content/AdvancedLocomotionV4/CharacterAssets/MannequinSkeleton/AnimationExamples/Base/Locomotion/ALS_N_Run_F.uasset" 923
"E:/Data/GithubData/GroupProject4/Team4Project/Content/AdvancedLocomotionV4/CharacterAssets/MannequinSkeleton/AnimationExamples/Base/Locomotion/ALS_N_Run_F.uexp" 924
"E:/Data/GithubData/GroupProject4/Team4Project/Content/AdvancedLocomotionV4/CharacterAssets/MannequinSkeleton/AnimationExamples/Base/Locomotion/ALS_N_Walk_F.uasset" 925
"E:/Data/GithubData/GroupProject4/Team4Project/Content/AdvancedLocomotionV4/CharacterAssets/MannequinSkeleton/AnimationExamples/Base/Locomotion/ALS_N_Walk_F.uexp" 926
"E:/Data/GithubData/GroupProject4/Team4Project/Content/AdvancedLocomotionV4/CharacterAssets/MannequinSkeleton/AnimationExamples/Base/Locomotion/ALS_N_WalkRun_F.uasset" 927
"E:/Data/GithubData/GroupProject4/Team4Project/Content/AdvancedLocomotionV4/CharacterAssets/MannequinSkeleton/AnimationExamples/Base/Locomotion/ALS_N_WalkRun_F.uexp" 928
"E:/Data/GithubData/GroupProject4/Team4Project/Content/AdvancedLocomotionV4/Data/Curves/AnimationBlendCurves/DiagonalScaleAmount.uasset" 929
"E:/Data/GithubData/GroupProject4/Team4Project/Content/AdvancedLocomotionV4/Data/Curves/AnimationBlendCurves/DiagonalScaleAmount.uexp" 930
"E:/Data/GithubData/GroupProject4/Team4Project/Content/AdvancedLocomotionV4/CharacterAssets/MannequinSkeleton/AnimationExamples/Base/InAir/ALS_N_JumpWalk_RF.uasset" 931
"E:/Data/GithubData/GroupProject4/Team4Project/Content/AdvancedLocomotionV4/CharacterAssets/MannequinSkeleton/AnimationExamples/Base/InAir/ALS_N_JumpWalk_RF.uexp" 932
"E:/Data/GithubData/GroupProject4/Team4Project/Content/AdvancedLocomotionV4/CharacterAssets/MannequinSkeleton/AnimationExamples/Overlay/Barrel/ALS_Props_Barrel_Poses.uasset" 933
"E:/Data/GithubData/GroupProject4/Team4Project/Content/AdvancedLocomotionV4/CharacterAssets/MannequinSkeleton/AnimationExamples/Overlay/Barrel/ALS_Props_Barrel_Poses.uexp" 934
"E:/Data/GithubData/GroupProject4/Team4Project/Content/AdvancedLocomotionV4/CharacterAssets/MannequinSkeleton/AnimationExamples/Base/TurnInPlace/ALS_N_TurnIP_R90.uasset" 935
"E:/Data/GithubData/GroupProject4/Team4Project/Content/AdvancedLocomotionV4/CharacterAssets/MannequinSkeleton/AnimationExamples/Base/TurnInPlace/ALS_N_TurnIP_R90.uexp" 936
"E:/Data/GithubData/GroupProject4/Team4Project/Content/AdvancedLocomotionV4/CharacterAssets/MannequinSkeleton/AnimationExamples/Overlay/Torch/ALS_Props_Torch_Aim_Sweep_Crouched.uasset" 937
"E:/Data/GithubData/GroupProject4/Team4Project/Content/AdvancedLocomotionV4/CharacterAssets/MannequinSkeleton/AnimationExamples/Overlay/Torch/ALS_Props_Torch_Aim_Sweep_Crouched.uexp" 938
"E:/Data/GithubData/GroupProject4/Team4Project/Content/AdvancedLocomotionV4/CharacterAssets/MannequinSkeleton/AnimationExamples/Overlay/Torch/ALS_Props_Torch_Poses.uasset" 939
"E:/Data/GithubData/GroupProject4/Team4Project/Content/AdvancedLocomotionV4/CharacterAssets/MannequinSkeleton/AnimationExamples/Overlay/Torch/ALS_Props_Torch_Poses.uexp" 940
"E:/Data/GithubData/GroupProject4/Team4Project/Content/AdvancedLocomotionV4/Data/Curves/AnimationBlendCurves/YawOffset_LR.uasset" 941
"E:/Data/GithubData/GroupProject4/Team4Project/Content/AdvancedLocomotionV4/Data/Curves/AnimationBlendCurves/YawOffset_LR.uexp" 942
"E:/Data/GithubData/GroupProject4/Team4Project/Content/AdvancedLocomotionV4/CharacterAssets/MannequinSkeleton/AnimationExamples/Base/InAir/ALS_N_FallLoop_Fast.uasset" 943
"E:/Data/GithubData/GroupProject4/Team4Project/Content/AdvancedLocomotionV4/CharacterAssets/MannequinSkeleton/AnimationExamples/Base/InAir/ALS_N_FallLoop_Fast.uexp" 944
"E:/Data/GithubData/GroupProject4/Team4Project/Content/AdvancedLocomotionV4/CharacterAssets/MannequinSkeleton/AnimationExamples/Base/Locomotion/ALS_CLF_Walk_B.uasset" 945
"E:/Data/GithubData/GroupProject4/Team4Project/Content/AdvancedLocomotionV4/CharacterAssets/MannequinSkeleton/AnimationExamples/Base/Locomotion/ALS_CLF_Walk_B.uexp" 946
"E:/Data/GithubData/GroupProject4/Team4Project/Content/AdvancedLocomotionV4/CharacterAssets/MannequinSkeleton/AnimationExamples/Base/InAir/ALS_N_JumpRun_RF.uasset" 947
"E:/Data/GithubData/GroupProject4/Team4Project/Content/AdvancedLocomotionV4/CharacterAssets/MannequinSkeleton/AnimationExamples/Base/InAir/ALS_N_JumpRun_RF.uexp" 948
"E:/Data/GithubData/GroupProject4/Team4Project/Content/AdvancedLocomotionV4/Data/Structs/DynamicMontageParams.uasset" 949
"E:/Data/GithubData/GroupProject4/Team4Project/Content/AdvancedLocomotionV4/Data/Structs/DynamicMontageParams.uexp" 950
"E:/Data/GithubData/GroupProject4/Team4Project/Content/AdvancedLocomotionV4/CharacterAssets/MannequinSkeleton/AnimationExamples/Base/TurnInPlace/ALS_N_Rotate_L90.uasset" 951
"E:/Data/GithubData/GroupProject4/Team4Project/Content/AdvancedLocomotionV4/CharacterAssets/MannequinSkeleton/AnimationExamples/Base/TurnInPlace/ALS_N_Rotate_L90.uexp" 952
"E:/Data/GithubData/GroupProject4/Team4Project/Content/AdvancedLocomotionV4/CharacterAssets/MannequinSkeleton/AnimationExamples/Base/TurnInPlace/ALS_CLF_Rotate_L90.uasset" 953
"E:/Data/GithubData/GroupProject4/Team4Project/Content/AdvancedLocomotionV4/CharacterAssets/MannequinSkeleton/AnimationExamples/Base/TurnInPlace/ALS_CLF_Rotate_L90.uexp" 954
"E:/Data/GithubData/GroupProject4/Team4Project/Content/AdvancedLocomotionV4/CharacterAssets/MannequinSkeleton/AnimationExamples/Base/Transitions/ALS_CLF_to_N.uasset" 955
"E:/Data/GithubData/GroupProject4/Team4Project/Content/AdvancedLocomotionV4/CharacterAssets/MannequinSkeleton/AnimationExamples/Base/Transitions/ALS_CLF_to_N.uexp" 956
"E:/Data/GithubData/GroupProject4/Team4Project/Content/AdvancedLocomotionV4/CharacterAssets/MannequinSkeleton/AnimationExamples/Base/Locomotion/ALS_CLF_Walk_F.uasset" 957
"E:/Data/GithubData/GroupProject4/Team4Project/Content/AdvancedLocomotionV4/CharacterAssets/MannequinSkeleton/AnimationExamples/Base/Locomotion/ALS_CLF_Walk_F.uexp" 958
"E:/Data/GithubData/GroupProject4/Team4Project/Content/AdvancedLocomotionV4/Data/Curves/AnimationBlendCurves/YawOffset_FB.uasset" 959
"E:/Data/GithubData/GroupProject4/Team4Project/Content/AdvancedLocomotionV4/Data/Curves/AnimationBlendCurves/YawOffset_FB.uexp" 960
"E:/Data/GithubData/GroupProject4/Team4Project/Content/AdvancedLocomotionV4/CharacterAssets/MannequinSkeleton/AnimationExamples/Base/Locomotion/ALS_N_WalkPose_L.uasset" 961
"E:/Data/GithubData/GroupProject4/Team4Project/Content/AdvancedLocomotionV4/CharacterAssets/MannequinSkeleton/AnimationExamples/Base/Locomotion/ALS_N_WalkPose_L.uexp" 962
"E:/Data/GithubData/GroupProject4/Team4Project/Content/AdvancedLocomotionV4/CharacterAssets/MannequinSkeleton/AnimationExamples/Base/Locomotion/ALS_N_Run_LF.uasset" 963
"E:/Data/GithubData/GroupProject4/Team4Project/Content/AdvancedLocomotionV4/CharacterAssets/MannequinSkeleton/AnimationExamples/Base/Locomotion/ALS_N_Run_LF.uexp" 964
"E:/Data/GithubData/GroupProject4/Team4Project/Content/AdvancedLocomotionV4/CharacterAssets/MannequinSkeleton/AnimationExamples/Base/Locomotion/ALS_N_RunPose_L.uasset" 965
"E:/Data/GithubData/GroupProject4/Team4Project/Content/AdvancedLocomotionV4/CharacterAssets/MannequinSkeleton/AnimationExamples/Base/Locomotion/ALS_N_RunPose_L.uexp" 966
"E:/Data/GithubData/GroupProject4/Team4Project/Content/AdvancedLocomotionV4/CharacterAssets/MannequinSkeleton/AnimationExamples/Base/Locomotion/ALS_N_Walk_LF.uasset" 967
"E:/Data/GithubData/GroupProject4/Team4Project/Content/AdvancedLocomotionV4/CharacterAssets/MannequinSkeleton/AnimationExamples/Base/Locomotion/ALS_N_Walk_LF.uexp" 968
"E:/Data/GithubData/GroupProject4/Team4Project/Content/AdvancedLocomotionV4/CharacterAssets/MannequinSkeleton/AnimationExamples/Base/Locomotion/ALS_N_WalkRun_FL.uasset" 969
"E:/Data/GithubData/GroupProject4/Team4Project/Content/AdvancedLocomotionV4/CharacterAssets/MannequinSkeleton/AnimationExamples/Base/Locomotion/ALS_N_WalkRun_FL.uexp" 970
"E:/Data/GithubData/GroupProject4/Team4Project/Content/AdvancedLocomotionV4/Data/Curves/AnimationBlendCurves/AO_SwitchSidesOut.uasset" 971
"E:/Data/GithubData/GroupProject4/Team4Project/Content/AdvancedLocomotionV4/Data/Curves/AnimationBlendCurves/AO_SwitchSidesOut.uexp" 972
"E:/Data/GithubData/GroupProject4/Team4Project/Content/AdvancedLocomotionV4/CharacterAssets/MannequinSkeleton/AnimationExamples/Base/Transitions/ALS_N_to_CLF.uasset" 973
"E:/Data/GithubData/GroupProject4/Team4Project/Content/AdvancedLocomotionV4/CharacterAssets/MannequinSkeleton/AnimationExamples/Base/Transitions/ALS_N_to_CLF.uexp" 974
"E:/Data/GithubData/GroupProject4/Team4Project/Content/AdvancedLocomotionV4/Data/Curves/AnimationBlendCurves/LookIn.uasset" 975
"E:/Data/GithubData/GroupProject4/Team4Project/Content/AdvancedLocomotionV4/Data/Curves/AnimationBlendCurves/LookIn.uexp" 976
"E:/Data/GithubData/GroupProject4/Team4Project/Content/AdvancedLocomotionV4/CharacterAssets/MannequinSkeleton/AnimationExamples/Base/Locomotion/ALS_CRF_Walk_R.uasset" 977
"E:/Data/GithubData/GroupProject4/Team4Project/Content/AdvancedLocomotionV4/CharacterAssets/MannequinSkeleton/AnimationExamples/Base/Locomotion/ALS_CRF_Walk_R.uexp" 978
"E:/Data/GithubData/GroupProject4/Team4Project/Content/AdvancedLocomotionV4/CharacterAssets/MannequinSkeleton/AnimationExamples/Base/InAir/ALS_Flail.uasset" 979
"E:/Data/GithubData/GroupProject4/Team4Project/Content/AdvancedLocomotionV4/CharacterAssets/MannequinSkeleton/AnimationExamples/Base/InAir/ALS_Flail.uexp" 980
"E:/Data/GithubData/GroupProject4/Team4Project/Content/AdvancedLocomotionV4/Data/Curves/AnimationBlendCurves/AimingInCurve.uasset" 981
"E:/Data/GithubData/GroupProject4/Team4Project/Content/AdvancedLocomotionV4/Data/Curves/AnimationBlendCurves/AimingInCurve.uexp" 982
"E:/Data/GithubData/GroupProject4/Team4Project/Content/AdvancedLocomotionV4/Data/Enums/GroundedEntryState.uasset" 983
"E:/Data/GithubData/GroupProject4/Team4Project/Content/AdvancedLocomotionV4/Data/Enums/GroundedEntryState.uexp" 984
"E:/Data/GithubData/GroupProject4/Team4Project/Content/AdvancedLocomotionV4/CharacterAssets/MannequinSkeleton/AnimationExamples/Base/Locomotion/ALS_N_Run_RB.uasset" 985
"E:/Data/GithubData/GroupProject4/Team4Project/Content/AdvancedLocomotionV4/CharacterAssets/MannequinSkeleton/AnimationExamples/Base/Locomotion/ALS_N_Run_RB.uexp" 986
"E:/Data/GithubData/GroupProject4/Team4Project/Content/AdvancedLocomotionV4/CharacterAssets/MannequinSkeleton/AnimationExamples/Base/Locomotion/ALS_N_WalkRun_BR.uasset" 987
"E:/Data/GithubData/GroupProject4/Team4Project/Content/AdvancedLocomotionV4/CharacterAssets/MannequinSkeleton/AnimationExamples/Base/Locomotion/ALS_N_WalkRun_BR.uexp" 988
"E:/Data/GithubData/GroupProject4/Team4Project/Content/AdvancedLocomotionV4/CharacterAssets/MannequinSkeleton/AnimationExamples/Base/TurnInPlace/ALS_CLF_TurnIP_R90.uasset" 989
"E:/Data/GithubData/GroupProject4/Team4Project/Content/AdvancedLocomotionV4/CharacterAssets/MannequinSkeleton/AnimationExamples/Base/TurnInPlace/ALS_CLF_TurnIP_R90.uexp" 990
"E:/Data/GithubData/GroupProject4/Team4Project/Content/AdvancedLocomotionV4/Data/Curves/AnimationBlendCurves/StrideBlend_N_Walk.uasset" 991
"E:/Data/GithubData/GroupProject4/Team4Project/Content/AdvancedLocomotionV4/Data/Curves/AnimationBlendCurves/StrideBlend_N_Walk.uexp" 992
"E:/Data/GithubData/GroupProject4/Team4Project/Content/AdvancedLocomotionV4/Data/Curves/AnimationBlendCurves/AimingOutCurve.uasset" 993
"E:/Data/GithubData/GroupProject4/Team4Project/Content/AdvancedLocomotionV4/Data/Curves/AnimationBlendCurves/AimingOutCurve.uexp" 994
"E:/Data/GithubData/GroupProject4/Team4Project/Content/AdvancedLocomotionV4/CharacterAssets/MannequinSkeleton/AnimationExamples/Base/InAir/ALS_N_FallLoop.uasset" 995
"E:/Data/GithubData/GroupProject4/Team4Project/Content/AdvancedLocomotionV4/CharacterAssets/MannequinSkeleton/AnimationExamples/Base/InAir/ALS_N_FallLoop.uexp" 996
"E:/Data/GithubData/GroupProject4/Team4Project/Content/AdvancedLocomotionV4/CharacterAssets/MannequinSkeleton/AnimationExamples/Base/TurnInPlace/ALS_N_Rotate_R90.uasset" 997
"E:/Data/GithubData/GroupProject4/Team4Project/Content/AdvancedLocomotionV4/CharacterAssets/MannequinSkeleton/AnimationExamples/Base/TurnInPlace/ALS_N_Rotate_R90.uexp" 998
"E:/Data/GithubData/GroupProject4/Team4Project/Content/AdvancedLocomotionV4/Data/Curves/AnimationBlendCurves/StrideBlend_N_Run.uasset" 999
"E:/Data/GithubData/GroupProject4/Team4Project/Content/AdvancedLocomotionV4/Data/Curves/AnimationBlendCurves/StrideBlend_N_Run.uexp" 1000
"E:/Data/GithubData/GroupProject4/Team4Project/Content/AdvancedLocomotionV4/CharacterAssets/MannequinSkeleton/AnimationExamples/Base/TurnInPlace/ALS_CLF_Rotate_R90.uasset" 1001
"E:/Data/GithubData/GroupProject4/Team4Project/Content/AdvancedLocomotionV4/CharacterAssets/MannequinSkeleton/AnimationExamples/Base/TurnInPlace/ALS_CLF_Rotate_R90.uexp" 1002
"E:/Data/GithubData/GroupProject4/Team4Project/Content/AdvancedLocomotionV4/CharacterAssets/MannequinSkeleton/AnimationExamples/Base/TurnInPlace/ALS_N_TurnIP_R180.uasset" 1003
"E:/Data/GithubData/GroupProject4/Team4Project/Content/AdvancedLocomotionV4/CharacterAssets/MannequinSkeleton/AnimationExamples/Base/TurnInPlace/ALS_N_TurnIP_R180.uexp" 1004
"E:/Data/GithubData/GroupProject4/Team4Project/Content/AdvancedLocomotionV4/CharacterAssets/MannequinSkeleton/AnimationExamples/Overlay/Binoculars/ALS_Props_Binoculars_Poses_NoCurves.uasset" 1005
"E:/Data/GithubData/GroupProject4/Team4Project/Content/AdvancedLocomotionV4/CharacterAssets/MannequinSkeleton/AnimationExamples/Overlay/Binoculars/ALS_Props_Binoculars_Poses_NoCurves.uexp" 1006
"E:/Data/GithubData/GroupProject4/Team4Project/Content/AdvancedLocomotionV4/CharacterAssets/MannequinSkeleton/AnimationExamples/Overlay/Binoculars/ALS_Props_Binoculars_Aim_Sweep_Crouched.uasset" 1007
"E:/Data/GithubData/GroupProject4/Team4Project/Content/AdvancedLocomotionV4/CharacterAssets/MannequinSkeleton/AnimationExamples/Overlay/Binoculars/ALS_Props_Binoculars_Aim_Sweep_Crouched.uexp" 1008
"E:/Data/GithubData/GroupProject4/Team4Project/Content/AdvancedLocomotionV4/CharacterAssets/MannequinSkeleton/AnimationExamples/Overlay/Binoculars/ALS_Props_Binoculars_Aim_Sweep.uasset" 1009
"E:/Data/GithubData/GroupProject4/Team4Project/Content/AdvancedLocomotionV4/CharacterAssets/MannequinSkeleton/AnimationExamples/Overlay/Binoculars/ALS_Props_Binoculars_Aim_Sweep.uexp" 1010
"E:/Data/GithubData/GroupProject4/Team4Project/Content/AdvancedLocomotionV4/Blueprints/Interfaces/ALS_Animation_BPI.uasset" 1011
"E:/Data/GithubData/GroupProject4/Team4Project/Content/AdvancedLocomotionV4/Blueprints/Interfaces/ALS_Animation_BPI.uexp" 1012
"E:/Data/GithubData/GroupProject4/Team4Project/Content/AdvancedLocomotionV4/Data/Structs/TurnInPlace_Asset.uasset" 1013
"E:/Data/GithubData/GroupProject4/Team4Project/Content/AdvancedLocomotionV4/Data/Structs/TurnInPlace_Asset.uexp" 1014
"E:/Data/GithubData/GroupProject4/Team4Project/Content/AdvancedLocomotionV4/Data/Structs/VelocityBlend.uasset" 1015
"E:/Data/GithubData/GroupProject4/Team4Project/Content/AdvancedLocomotionV4/Data/Structs/VelocityBlend.uexp" 1016
"E:/Data/GithubData/GroupProject4/Team4Project/Content/AdvancedLocomotionV4/CharacterAssets/MannequinSkeleton/AnimationExamples/Base/Locomotion/ALS_CLF_WalkPose.uasset" 1017
"E:/Data/GithubData/GroupProject4/Team4Project/Content/AdvancedLocomotionV4/CharacterAssets/MannequinSkeleton/AnimationExamples/Base/Locomotion/ALS_CLF_WalkPose.uexp" 1018
"E:/Data/GithubData/GroupProject4/Team4Project/Content/AdvancedLocomotionV4/CharacterAssets/MannequinSkeleton/AnimationExamples/Base/TurnInPlace/ALS_CLF_TurnIP_L90.uasset" 1019
"E:/Data/GithubData/GroupProject4/Team4Project/Content/AdvancedLocomotionV4/CharacterAssets/MannequinSkeleton/AnimationExamples/Base/TurnInPlace/ALS_CLF_TurnIP_L90.uexp" 1020
"E:/Data/GithubData/GroupProject4/Team4Project/Content/AdvancedLocomotionV4/CharacterAssets/MannequinSkeleton/AnimationExamples/Base/Locomotion/ALS_N_Walk_RF.uasset" 1021
"E:/Data/GithubData/GroupProject4/Team4Project/Content/AdvancedLocomotionV4/CharacterAssets/MannequinSkeleton/AnimationExamples/Base/Locomotion/ALS_N_Walk_RF.uexp" 1022
"E:/Data/GithubData/GroupProject4/Team4Project/Content/AdvancedLocomotionV4/Data/Enums/MovementDirection.uasset" 1023
"E:/Data/GithubData/GroupProject4/Team4Project/Content/AdvancedLocomotionV4/Data/Enums/MovementDirection.uexp" 1024
"E:/Data/GithubData/GroupProject4/Team4Project/Content/AdvancedLocomotionV4/CharacterAssets/MannequinSkeleton/AnimationExamples/Base/InAir/ALS_N_Land_Heavy_Additive.uasset" 1025
"E:/Data/GithubData/GroupProject4/Team4Project/Content/AdvancedLocomotionV4/CharacterAssets/MannequinSkeleton/AnimationExamples/Base/InAir/ALS_N_Land_Heavy_Additive.uexp" 1026
"E:/Data/GithubData/GroupProject4/Team4Project/Content/AdvancedLocomotionV4/CharacterAssets/MannequinSkeleton/AnimationExamples/Base/InAir/ALS_N_JumpLoop.uasset" 1027
"E:/Data/GithubData/GroupProject4/Team4Project/Content/AdvancedLocomotionV4/CharacterAssets/MannequinSkeleton/AnimationExamples/Base/InAir/ALS_N_JumpLoop.uexp" 1028
"E:/Data/GithubData/GroupProject4/Team4Project/Content/AdvancedLocomotionV4/CharacterAssets/MannequinSkeleton/AnimationExamples/Base/Transitions/ALS_N_Transition_R.uasset" 1029
"E:/Data/GithubData/GroupProject4/Team4Project/Content/AdvancedLocomotionV4/CharacterAssets/MannequinSkeleton/AnimationExamples/Base/Transitions/ALS_N_Transition_R.uexp" 1030
"E:/Data/GithubData/GroupProject4/Team4Project/Content/AdvancedLocomotionV4/CharacterAssets/MannequinSkeleton/AnimationExamples/AimOffsets/ALS_N_Look_F_Sweep.uasset" 1031
"E:/Data/GithubData/GroupProject4/Team4Project/Content/AdvancedLocomotionV4/CharacterAssets/MannequinSkeleton/AnimationExamples/AimOffsets/ALS_N_Look_F_Sweep.uexp" 1032
"E:/Data/GithubData/GroupProject4/Team4Project/Content/AdvancedLocomotionV4/CharacterAssets/MannequinSkeleton/AnimationExamples/Overlay/Pistol/ALS_Props_Pistol_2H_Poses_NoCurves.uasset" 1033
"E:/Data/GithubData/GroupProject4/Team4Project/Content/AdvancedLocomotionV4/CharacterAssets/MannequinSkeleton/AnimationExamples/Overlay/Pistol/ALS_Props_Pistol_2H_Poses_NoCurves.uexp" 1034
"E:/Data/GithubData/GroupProject4/Team4Project/Content/AdvancedLocomotionV4/CharacterAssets/MannequinSkeleton/AnimationExamples/Overlay/Pistol/ALS_Props_Pistol_2H_Aim_Sweep_Crouched.uasset" 1035
"E:/Data/GithubData/GroupProject4/Team4Project/Content/AdvancedLocomotionV4/CharacterAssets/MannequinSkeleton/AnimationExamples/Overlay/Pistol/ALS_Props_Pistol_2H_Aim_Sweep_Crouched.uexp" 1036
"E:/Data/GithubData/GroupProject4/Team4Project/Content/AdvancedLocomotionV4/Blueprints/Interfaces/ALS_Controller_BPI.uasset" 1037
"E:/Data/GithubData/GroupProject4/Team4Project/Content/AdvancedLocomotionV4/Blueprints/Interfaces/ALS_Controller_BPI.uexp" 1038
"E:/Data/GithubData/GroupProject4/Team4Project/Content/AdvancedLocomotionV4/CharacterAssets/MannequinSkeleton/AnimationExamples/Base/InAir/Detail/ALS_N_Falling_LeanPose_B.uasset" 1039
"E:/Data/GithubData/GroupProject4/Team4Project/Content/AdvancedLocomotionV4/CharacterAssets/MannequinSkeleton/AnimationExamples/Base/InAir/Detail/ALS_N_Falling_LeanPose_B.uexp" 1040
"E:/Data/GithubData/GroupProject4/Team4Project/Content/AdvancedLocomotionV4/CharacterAssets/MannequinSkeleton/AnimationExamples/Base/InAir/Detail/ALS_N_Falling_LeanPose_R.uasset" 1041
"E:/Data/GithubData/GroupProject4/Team4Project/Content/AdvancedLocomotionV4/CharacterAssets/MannequinSkeleton/AnimationExamples/Base/InAir/Detail/ALS_N_Falling_LeanPose_R.uexp" 1042
"E:/Data/GithubData/GroupProject4/Team4Project/Content/AdvancedLocomotionV4/CharacterAssets/MannequinSkeleton/AnimationExamples/Base/InAir/Detail/ALS_N_Falling_LeanPose_F.uasset" 1043
"E:/Data/GithubData/GroupProject4/Team4Project/Content/AdvancedLocomotionV4/CharacterAssets/MannequinSkeleton/AnimationExamples/Base/InAir/Detail/ALS_N_Falling_LeanPose_F.uexp" 1044
"E:/Data/GithubData/GroupProject4/Team4Project/Content/AdvancedLocomotionV4/CharacterAssets/MannequinSkeleton/AnimationExamples/Base/InAir/Detail/ALS_N_Falling_LeanPose_L.uasset" 1045
"E:/Data/GithubData/GroupProject4/Team4Project/Content/AdvancedLocomotionV4/CharacterAssets/MannequinSkeleton/AnimationExamples/Base/InAir/Detail/ALS_N_Falling_LeanPose_L.uexp" 1046
"E:/Data/GithubData/GroupProject4/Team4Project/Content/AdvancedLocomotionV4/CharacterAssets/MannequinSkeleton/AnimationExamples/Base/InAir/Detail/ALS_N_Falling_LeanPose_0.uasset" 1047
"E:/Data/GithubData/GroupProject4/Team4Project/Content/AdvancedLocomotionV4/CharacterAssets/MannequinSkeleton/AnimationExamples/Base/InAir/Detail/ALS_N_Falling_LeanPose_0.uexp" 1048
"E:/Data/GithubData/GroupProject4/Team4Project/Content/AdvancedLocomotionV4/CharacterAssets/MannequinSkeleton/AnimationExamples/Base/InAir/Detail/ALS_N_Lean_Falling.uasset" 1049
"E:/Data/GithubData/GroupProject4/Team4Project/Content/AdvancedLocomotionV4/CharacterAssets/MannequinSkeleton/AnimationExamples/Base/InAir/Detail/ALS_N_Lean_Falling.uexp" 1050
"E:/Data/GithubData/GroupProject4/Team4Project/Content/AdvancedLocomotionV4/CharacterAssets/MannequinSkeleton/AnimationExamples/Base/Locomotion/Detail/ALS_N_LeanPose_R.uasset" 1051
"E:/Data/GithubData/GroupProject4/Team4Project/Content/AdvancedLocomotionV4/CharacterAssets/MannequinSkeleton/AnimationExamples/Base/Locomotion/Detail/ALS_N_LeanPose_R.uexp" 1052
"E:/Data/GithubData/GroupProject4/Team4Project/Content/AdvancedLocomotionV4/CharacterAssets/MannequinSkeleton/AnimationExamples/Base/Locomotion/Detail/ALS_N_LeanPose_F.uasset" 1053
"E:/Data/GithubData/GroupProject4/Team4Project/Content/AdvancedLocomotionV4/CharacterAssets/MannequinSkeleton/AnimationExamples/Base/Locomotion/Detail/ALS_N_LeanPose_F.uexp" 1054
"E:/Data/GithubData/GroupProject4/Team4Project/Content/AdvancedLocomotionV4/CharacterAssets/MannequinSkeleton/AnimationExamples/Base/Locomotion/Detail/ALS_N_LeanPose_B.uasset" 1055
"E:/Data/GithubData/GroupProject4/Team4Project/Content/AdvancedLocomotionV4/CharacterAssets/MannequinSkeleton/AnimationExamples/Base/Locomotion/Detail/ALS_N_LeanPose_B.uexp" 1056
"E:/Data/GithubData/GroupProject4/Team4Project/Content/AdvancedLocomotionV4/CharacterAssets/MannequinSkeleton/AnimationExamples/Base/Locomotion/Detail/ALS_N_LeanPose_0.uasset" 1057
"E:/Data/GithubData/GroupProject4/Team4Project/Content/AdvancedLocomotionV4/CharacterAssets/MannequinSkeleton/AnimationExamples/Base/Locomotion/Detail/ALS_N_LeanPose_0.uexp" 1058
"E:/Data/GithubData/GroupProject4/Team4Project/Content/AdvancedLocomotionV4/CharacterAssets/MannequinSkeleton/AnimationExamples/Base/Locomotion/Detail/ALS_N_LeanPose_L.uasset" 1059
"E:/Data/GithubData/GroupProject4/Team4Project/Content/AdvancedLocomotionV4/CharacterAssets/MannequinSkeleton/AnimationExamples/Base/Locomotion/Detail/ALS_N_LeanPose_L.uexp" 1060
"E:/Data/GithubData/GroupProject4/Team4Project/Content/AdvancedLocomotionV4/CharacterAssets/MannequinSkeleton/AnimationExamples/Base/Locomotion/Detail/ALS_N_Lean.uasset" 1061
"E:/Data/GithubData/GroupProject4/Team4Project/Content/AdvancedLocomotionV4/CharacterAssets/MannequinSkeleton/AnimationExamples/Base/Locomotion/Detail/ALS_N_Lean.uexp" 1062
"E:/Data/GithubData/GroupProject4/Team4Project/Content/AdvancedLocomotionV4/Data/Curves/AnimationBlendCurves/ChangeDirection.uasset" 1063
"E:/Data/GithubData/GroupProject4/Team4Project/Content/AdvancedLocomotionV4/Data/Curves/AnimationBlendCurves/ChangeDirection.uexp" 1064
"E:/Data/GithubData/GroupProject4/Team4Project/Content/AdvancedLocomotionV4/Data/Curves/AnimationBlendCurves/AO_SwitchSidesIn.uasset" 1065
"E:/Data/GithubData/GroupProject4/Team4Project/Content/AdvancedLocomotionV4/Data/Curves/AnimationBlendCurves/AO_SwitchSidesIn.uexp" 1066
"E:/Data/GithubData/GroupProject4/Team4Project/Content/AdvancedLocomotionV4/CharacterAssets/MannequinSkeleton/AnimationExamples/AimOffsets/ALS_N_Look_D_Sweep.uasset" 1067
"E:/Data/GithubData/GroupProject4/Team4Project/Content/AdvancedLocomotionV4/CharacterAssets/MannequinSkeleton/AnimationExamples/AimOffsets/ALS_N_Look_D_Sweep.uexp" 1068
"E:/Data/GithubData/GroupProject4/Team4Project/Content/AdvancedLocomotionV4/CharacterAssets/MannequinSkeleton/AnimationExamples/AimOffsets/ALS_N_Look_U_Sweep.uasset" 1069
"E:/Data/GithubData/GroupProject4/Team4Project/Content/AdvancedLocomotionV4/CharacterAssets/MannequinSkeleton/AnimationExamples/AimOffsets/ALS_N_Look_U_Sweep.uexp" 1070
"E:/Data/GithubData/GroupProject4/Team4Project/Content/AdvancedLocomotionV4/CharacterAssets/MannequinSkeleton/AnimationExamples/AimOffsets/ALS_N_Look.uasset" 1071
"E:/Data/GithubData/GroupProject4/Team4Project/Content/AdvancedLocomotionV4/CharacterAssets/MannequinSkeleton/AnimationExamples/AimOffsets/ALS_N_Look.uexp" 1072
"E:/Data/GithubData/GroupProject4/Team4Project/Content/AdvancedLocomotionV4/CharacterAssets/MannequinSkeleton/AnimationExamples/Base/Locomotion/ALS_CLF_Walk_R.uasset" 1073
"E:/Data/GithubData/GroupProject4/Team4Project/Content/AdvancedLocomotionV4/CharacterAssets/MannequinSkeleton/AnimationExamples/Base/Locomotion/ALS_CLF_Walk_R.uexp" 1074
"E:/Data/GithubData/GroupProject4/Team4Project/Content/AdvancedLocomotionV4/CharacterAssets/MannequinSkeleton/AnimationExamples/Base/Transitions/ALS_N_Transition_L.uasset" 1075
"E:/Data/GithubData/GroupProject4/Team4Project/Content/AdvancedLocomotionV4/CharacterAssets/MannequinSkeleton/AnimationExamples/Base/Transitions/ALS_N_Transition_L.uexp" 1076
"E:/Data/GithubData/GroupProject4/Team4Project/Content/AdvancedLocomotionV4/Blueprints/AnimNotifys/GroundedEntryState_AnimNotify.uasset" 1077
"E:/Data/GithubData/GroupProject4/Team4Project/Content/AdvancedLocomotionV4/Blueprints/AnimNotifys/GroundedEntryState_AnimNotify.uexp" 1078
"E:/Data/GithubData/GroupProject4/Team4Project/Content/AdvancedLocomotionV4/CharacterAssets/MannequinSkeleton/AnimationExamples/Actions/ALS_N_LandRoll_F.uasset" 1079
"E:/Data/GithubData/GroupProject4/Team4Project/Content/AdvancedLocomotionV4/CharacterAssets/MannequinSkeleton/AnimationExamples/Actions/ALS_N_LandRoll_F.uexp" 1080
"E:/Data/GithubData/GroupProject4/Team4Project/Content/AdvancedLocomotionV4/CharacterAssets/MannequinSkeleton/AnimationExamples/Base/Locomotion/Detail/ALS_N_LocoDetail_Accel_R.uasset" 1081
"E:/Data/GithubData/GroupProject4/Team4Project/Content/AdvancedLocomotionV4/CharacterAssets/MannequinSkeleton/AnimationExamples/Base/Locomotion/Detail/ALS_N_LocoDetail_Accel_R.uexp" 1082
"E:/Data/GithubData/GroupProject4/Team4Project/Content/AdvancedLocomotionV4/CharacterAssets/MannequinSkeleton/AnimationExamples/Overlay/Pistol/ALS_Props_Pistol_1H_Poses.uasset" 1083
"E:/Data/GithubData/GroupProject4/Team4Project/Content/AdvancedLocomotionV4/CharacterAssets/MannequinSkeleton/AnimationExamples/Overlay/Pistol/ALS_Props_Pistol_1H_Poses.uexp" 1084
"E:/Data/GithubData/GroupProject4/Team4Project/Content/AdvancedLocomotionV4/CharacterAssets/MannequinSkeleton/AnimationExamples/Base/BasePoses/ALS_CLF_Pose.uasset" 1085
"E:/Data/GithubData/GroupProject4/Team4Project/Content/AdvancedLocomotionV4/CharacterAssets/MannequinSkeleton/AnimationExamples/Base/BasePoses/ALS_CLF_Pose.uexp" 1086
"E:/Data/GithubData/GroupProject4/Team4Project/Content/AdvancedLocomotionV4/CharacterAssets/MannequinSkeleton/AnimationExamples/Overlay/Bow/ALS_Props_Bow_Poses_NoCurves.uasset" 1087
"E:/Data/GithubData/GroupProject4/Team4Project/Content/AdvancedLocomotionV4/CharacterAssets/MannequinSkeleton/AnimationExamples/Overlay/Bow/ALS_Props_Bow_Poses_NoCurves.uexp" 1088
"E:/Data/GithubData/GroupProject4/Team4Project/Content/AdvancedLocomotionV4/CharacterAssets/MannequinSkeleton/AnimationExamples/Overlay/Bow/ALS_Props_Bow_Aim_Sweep.uasset" 1089
"E:/Data/GithubData/GroupProject4/Team4Project/Content/AdvancedLocomotionV4/CharacterAssets/MannequinSkeleton/AnimationExamples/Overlay/Bow/ALS_Props_Bow_Aim_Sweep.uexp" 1090
"E:/Data/GithubData/GroupProject4/Team4Project/Content/AdvancedLocomotionV4/CharacterAssets/MannequinSkeleton/AnimationExamples/Base/Transitions/ALS_N_Stop_R_Down.uasset" 1091
"E:/Data/GithubData/GroupProject4/Team4Project/Content/AdvancedLocomotionV4/CharacterAssets/MannequinSkeleton/AnimationExamples/Base/Transitions/ALS_N_Stop_R_Down.uexp" 1092
"E:/Data/GithubData/GroupProject4/Team4Project/Content/AdvancedLocomotionV4/CharacterAssets/MannequinSkeleton/AnimationExamples/Overlay/StanceVariations/ALS_StanceVariation_Injured.uasset" 1093
"E:/Data/GithubData/GroupProject4/Team4Project/Content/AdvancedLocomotionV4/CharacterAssets/MannequinSkeleton/AnimationExamples/Overlay/StanceVariations/ALS_StanceVariation_Injured.uexp" 1094
"E:/Data/GithubData/GroupProject4/Team4Project/Content/AdvancedLocomotionV4/CharacterAssets/MannequinSkeleton/AnimationExamples/Base/TurnInPlace/ALS_N_TurnIP_L90.uasset" 1095
"E:/Data/GithubData/GroupProject4/Team4Project/Content/AdvancedLocomotionV4/CharacterAssets/MannequinSkeleton/AnimationExamples/Base/TurnInPlace/ALS_N_TurnIP_L90.uexp" 1096
"E:/Data/GithubData/GroupProject4/Team4Project/Content/AdvancedLocomotionV4/CharacterAssets/MannequinSkeleton/AnimationExamples/Overlay/Pistol/ALS_Props_Pistol_2H_Aim_Sweep.uasset" 1097
"E:/Data/GithubData/GroupProject4/Team4Project/Content/AdvancedLocomotionV4/CharacterAssets/MannequinSkeleton/AnimationExamples/Overlay/Pistol/ALS_Props_Pistol_2H_Aim_Sweep.uexp" 1098
"E:/Data/GithubData/GroupProject4/Team4Project/Content/AdvancedLocomotionV4/CharacterAssets/MannequinSkeleton/AnimationExamples/Base/Locomotion/ALS_CLF_Walk_L.uasset" 1099
"E:/Data/GithubData/GroupProject4/Team4Project/Content/AdvancedLocomotionV4/CharacterAssets/MannequinSkeleton/AnimationExamples/Base/Locomotion/ALS_CLF_Walk_L.uexp" 1100
"E:/Data/GithubData/GroupProject4/Team4Project/Content/AdvancedLocomotionV4/Data/Curves/AnimationBlendCurves/LandPredictionBlend.uasset" 1101
"E:/Data/GithubData/GroupProject4/Team4Project/Content/AdvancedLocomotionV4/Data/Curves/AnimationBlendCurves/LandPredictionBlend.uexp" 1102
"E:/Data/GithubData/GroupProject4/Team4Project/Content/AdvancedLocomotionV4/CharacterAssets/MannequinSkeleton/AnimationExamples/Base/InAir/ALS_N_Land_Light.uasset" 1103
"E:/Data/GithubData/GroupProject4/Team4Project/Content/AdvancedLocomotionV4/CharacterAssets/MannequinSkeleton/AnimationExamples/Base/InAir/ALS_N_Land_Light.uexp" 1104
"E:/Data/GithubData/GroupProject4/Team4Project/Content/AdvancedLocomotionV4/CharacterAssets/MannequinSkeleton/AnimationExamples/Overlay/Pistol/ALS_Props_Pistol_1H_Aim_Sweep_Crouched.uasset" 1105
"E:/Data/GithubData/GroupProject4/Team4Project/Content/AdvancedLocomotionV4/CharacterAssets/MannequinSkeleton/AnimationExamples/Overlay/Pistol/ALS_Props_Pistol_1H_Aim_Sweep_Crouched.uexp" 1106
"E:/Data/GithubData/GroupProject4/Team4Project/Content/AdvancedLocomotionV4/CharacterAssets/MannequinSkeleton/AnimationExamples/Overlay/M4A1/ALS_Props_M4A1_Aim_Sweep.uasset" 1107
"E:/Data/GithubData/GroupProject4/Team4Project/Content/AdvancedLocomotionV4/CharacterAssets/MannequinSkeleton/AnimationExamples/Overlay/M4A1/ALS_Props_M4A1_Aim_Sweep.uexp" 1108
"E:/Data/GithubData/GroupProject4/Team4Project/Content/AdvancedLocomotionV4/Data/Curves/AnimationBlendCurves/LeanInAirAmount.uasset" 1109
"E:/Data/GithubData/GroupProject4/Team4Project/Content/AdvancedLocomotionV4/Data/Curves/AnimationBlendCurves/LeanInAirAmount.uexp" 1110
"E:/Data/GithubData/GroupProject4/Team4Project/Content/AdvancedLocomotionV4/CharacterAssets/MannequinSkeleton/AnimationExamples/Overlay/M4A1/ALS_Props_M4A1_Sprint_F_Arms.uasset" 1111
"E:/Data/GithubData/GroupProject4/Team4Project/Content/AdvancedLocomotionV4/CharacterAssets/MannequinSkeleton/AnimationExamples/Overlay/M4A1/ALS_Props_M4A1_Sprint_F_Arms.uexp" 1112
"E:/Data/GithubData/GroupProject4/Team4Project/Content/AdvancedLocomotionV4/Data/Structs/LeanAmount.uasset" 1113
"E:/Data/GithubData/GroupProject4/Team4Project/Content/AdvancedLocomotionV4/Data/Structs/LeanAmount.uexp" 1114
"E:/Data/GithubData/GroupProject4/Team4Project/Content/AdvancedLocomotionV4/CharacterAssets/MannequinSkeleton/AnimationExamples/Base/TurnInPlace/ALS_CLF_TurnIP_L180.uasset" 1115
"E:/Data/GithubData/GroupProject4/Team4Project/Content/AdvancedLocomotionV4/CharacterAssets/MannequinSkeleton/AnimationExamples/Base/TurnInPlace/ALS_CLF_TurnIP_L180.uexp" 1116
"E:/Data/GithubData/GroupProject4/Team4Project/Content/AdvancedLocomotionV4/CharacterAssets/MannequinSkeleton/AnimationExamples/Base/InAir/ALS_N_Land_Heavy.uasset" 1117
"E:/Data/GithubData/GroupProject4/Team4Project/Content/AdvancedLocomotionV4/CharacterAssets/MannequinSkeleton/AnimationExamples/Base/InAir/ALS_N_Land_Heavy.uexp" 1118
"E:/Data/GithubData/GroupProject4/Team4Project/Content/AdvancedLocomotionV4/CharacterAssets/MannequinSkeleton/AnimationExamples/Overlay/M4A1/ALS_Props_M4A1_Poses.uasset" 1119
"E:/Data/GithubData/GroupProject4/Team4Project/Content/AdvancedLocomotionV4/CharacterAssets/MannequinSkeleton/AnimationExamples/Overlay/M4A1/ALS_Props_M4A1_Poses.uexp" 1120
"E:/Data/GithubData/GroupProject4/Team4Project/Content/AdvancedLocomotionV4/CharacterAssets/MannequinSkeleton/AnimationExamples/Base/Locomotion/ALS_CRF_Walk_L.uasset" 1121
"E:/Data/GithubData/GroupProject4/Team4Project/Content/AdvancedLocomotionV4/CharacterAssets/MannequinSkeleton/AnimationExamples/Base/Locomotion/ALS_CRF_Walk_L.uexp" 1122
"E:/Data/GithubData/GroupProject4/Team4Project/Content/AdvancedLocomotionV4/CharacterAssets/MannequinSkeleton/AnimationExamples/Overlay/StanceVariations/ALS_StanceVariation_Normal.uasset" 1123
"E:/Data/GithubData/GroupProject4/Team4Project/Content/AdvancedLocomotionV4/CharacterAssets/MannequinSkeleton/AnimationExamples/Overlay/StanceVariations/ALS_StanceVariation_Normal.uexp" 1124
"E:/Data/GithubData/GroupProject4/Team4Project/Content/AdvancedLocomotionV4/Data/Structs/RotateInPlace_Asset.uasset" 1125
"E:/Data/GithubData/GroupProject4/Team4Project/Content/AdvancedLocomotionV4/Data/Structs/RotateInPlace_Asset.uexp" 1126
"E:/Data/GithubData/GroupProject4/Team4Project/Content/AdvancedLocomotionV4/CharacterAssets/MannequinSkeleton/AnimationExamples/Base/Locomotion/Detail/ALS_N_LocoDetail_Accel_F.uasset" 1127
"E:/Data/GithubData/GroupProject4/Team4Project/Content/AdvancedLocomotionV4/CharacterAssets/MannequinSkeleton/AnimationExamples/Base/Locomotion/Detail/ALS_N_LocoDetail_Accel_F.uexp" 1128
"E:/Data/GithubData/GroupProject4/Team4Project/Content/AdvancedLocomotionV4/CharacterAssets/MannequinSkeleton/AnimationExamples/Overlay/Pistol/ALS_Props_Pistol_2H_Poses.uasset" 1129
"E:/Data/GithubData/GroupProject4/Team4Project/Content/AdvancedLocomotionV4/CharacterAssets/MannequinSkeleton/AnimationExamples/Overlay/Pistol/ALS_Props_Pistol_2H_Poses.uexp" 1130
"E:/Data/GithubData/GroupProject4/Team4Project/Content/AdvancedLocomotionV4/CharacterAssets/MannequinSkeleton/AnimationExamples/Base/Locomotion/ALS_N_Run_RF.uasset" 1131
"E:/Data/GithubData/GroupProject4/Team4Project/Content/AdvancedLocomotionV4/CharacterAssets/MannequinSkeleton/AnimationExamples/Base/Locomotion/ALS_N_Run_RF.uexp" 1132
"E:/Data/GithubData/GroupProject4/Team4Project/Content/AdvancedLocomotionV4/CharacterAssets/MannequinSkeleton/AnimationExamples/Base/Locomotion/ALS_N_WalkRun_FR.uasset" 1133
"E:/Data/GithubData/GroupProject4/Team4Project/Content/AdvancedLocomotionV4/CharacterAssets/MannequinSkeleton/AnimationExamples/Base/Locomotion/ALS_N_WalkRun_FR.uexp" 1134
"E:/Data/GithubData/GroupProject4/Team4Project/Content/AdvancedLocomotionV4/CharacterAssets/MannequinSkeleton/AnimationExamples/Overlay/Bow/ALS_Props_Bow_Aim_Sweep_Crouched.uasset" 1135
"E:/Data/GithubData/GroupProject4/Team4Project/Content/AdvancedLocomotionV4/CharacterAssets/MannequinSkeleton/AnimationExamples/Overlay/Bow/ALS_Props_Bow_Aim_Sweep_Crouched.uexp" 1136
"E:/Data/GithubData/GroupProject4/Team4Project/Content/AdvancedLocomotionV4/CharacterAssets/MannequinSkeleton/ALS_AnimBP.uasset" 1137
"E:/Data/GithubData/GroupProject4/Team4Project/Content/AdvancedLocomotionV4/CharacterAssets/MannequinSkeleton/ALS_AnimBP.uexp" 1138
"E:/Data/GithubData/GroupProject4/Team4Project/Content/BluePrint/Core/Character/BP_Unit_Master.uasset" 1139
"E:/Data/GithubData/GroupProject4/Team4Project/Content/BluePrint/Core/Character/BP_Unit_Master.uexp" 1140
"E:/Data/GithubData/GroupProject4/Team4Project/Content/BluePrint/Core/Character/BP_UnitMaster_Enemy.uasset" 1141
"E:/Data/GithubData/GroupProject4/Team4Project/Content/BluePrint/Core/Character/BP_UnitMaster_Enemy.uexp" 1142
"E:/Data/GithubData/GroupProject4/Team4Project/Content/Demo/ArtResource/Material/M_Color.uasset" 1143
"E:/Data/GithubData/GroupProject4/Team4Project/Content/Demo/ArtResource/Material/M_Color.uexp" 1144
"E:/Data/GithubData/GroupProject4/Team4Project/Content/Demo/ArtResource/Material/MI_Color/MI_Color_Red.uasset" 1145
"E:/Data/GithubData/GroupProject4/Team4Project/Content/Demo/ArtResource/Material/MI_Color/MI_Color_Red.uexp" 1146
"E:/Data/GithubData/GroupProject4/Team4Project/Content/BluePrint/Core/Tower/BP_TowerBullet.uasset" 1147
"E:/Data/GithubData/GroupProject4/Team4Project/Content/BluePrint/Core/Tower/BP_TowerBullet.uexp" 1148
"E:/Data/GithubData/GroupProject4/Team4Project/Content/Demo/ArtResource/Textures/Grids/TX_Grid_Square.ubulk" 1149
"E:/Data/GithubData/GroupProject4/Team4Project/Content/Demo/ArtResource/Textures/Grids/TX_Grid_Square.uasset" 1150
"E:/Data/GithubData/GroupProject4/Team4Project/Content/Demo/ArtResource/Textures/Grids/TX_Grid_Square.uexp" 1151
"E:/Data/GithubData/GroupProject4/Team4Project/Content/BluePrint/Core/Terrain/GridShape/M_Grid_Flat.uasset" 1152
"E:/Data/GithubData/GroupProject4/Team4Project/Content/BluePrint/Core/Terrain/GridShape/M_Grid_Flat.uexp" 1153
"E:/Data/GithubData/GroupProject4/Team4Project/Content/BluePrint/Core/Terrain/GridShape/Square/MI_Grid_Flat_TowerAttackRange.uasset" 1154
"E:/Data/GithubData/GroupProject4/Team4Project/Content/BluePrint/Core/Terrain/GridShape/Square/MI_Grid_Flat_TowerAttackRange.uexp" 1155
"E:/Data/GithubData/GroupProject4/Team4Project/Content/Demo/ArtResource/Material/M_ColorWithOpacity.uasset" 1156
"E:/Data/GithubData/GroupProject4/Team4Project/Content/Demo/ArtResource/Material/M_ColorWithOpacity.uexp" 1157
"E:/Data/GithubData/GroupProject4/Team4Project/Content/Demo/ArtResource/Material/MI_ColorWithOpacity/MI_ColorWithOpacity_TowerVolume.uasset" 1158
"E:/Data/GithubData/GroupProject4/Team4Project/Content/Demo/ArtResource/Material/MI_ColorWithOpacity/MI_ColorWithOpacity_TowerVolume.uexp" 1159
"E:/Data/GithubData/GroupProject4/Team4Project/Content/BluePrint/Core/Terrain/GridShape/Square/MI_Grid_Flat_PreviewTowerAttackRange.uasset" 1160
"E:/Data/GithubData/GroupProject4/Team4Project/Content/BluePrint/Core/Terrain/GridShape/Square/MI_Grid_Flat_PreviewTowerAttackRange.uexp" 1161
"E:/Data/GithubData/GroupProject4/Team4Project/Content/BluePrint/Core/Terrain/GridShape/Square/SM_Grid_Square.ubulk" 1162
"E:/Data/GithubData/GroupProject4/Team4Project/Content/BluePrint/Core/Terrain/GridShape/Square/SM_Grid_Square.uasset" 1163
"E:/Data/GithubData/GroupProject4/Team4Project/Content/BluePrint/Core/Terrain/GridShape/Square/SM_Grid_Square.uexp" 1164
"E:/Data/GithubData/GroupProject4/Team4Project/Content/BluePrint/Core/Tower/Widget/WBP_TowerDetail.uasset" 1165
"E:/Data/GithubData/GroupProject4/Team4Project/Content/BluePrint/Core/Tower/Widget/WBP_TowerDetail.uexp" 1166
"E:/Data/GithubData/GroupProject4/Team4Project/Content/BluePrint/Core/Tower/BP_Tower.uasset" 1167
"E:/Data/GithubData/GroupProject4/Team4Project/Content/BluePrint/Core/Tower/BP_Tower.uexp" 1168
"E:/Data/GithubData/GroupProject4/Team4Project/Content/Demo/ArtResource/Textures/WayPoint/T_EnemyLineArrowMask.ubulk" 1169
"E:/Data/GithubData/GroupProject4/Team4Project/Content/Demo/ArtResource/Textures/WayPoint/T_EnemyLineArrowMask.uasset" 1170
"E:/Data/GithubData/GroupProject4/Team4Project/Content/Demo/ArtResource/Textures/WayPoint/T_EnemyLineArrowMask.uexp" 1171
"E:/Data/GithubData/GroupProject4/Team4Project/Content/Demo/ArtResource/Material/M_MoveArrowLine.uasset" 1172
"E:/Data/GithubData/GroupProject4/Team4Project/Content/Demo/ArtResource/Material/M_MoveArrowLine.uexp" 1173
"E:/Data/GithubData/GroupProject4/Team4Project/Content/Demo/ArtResource/Material/MI_MoveArrowLine.uasset" 1174
"E:/Data/GithubData/GroupProject4/Team4Project/Content/Demo/ArtResource/Material/MI_MoveArrowLine.uexp" 1175
"E:/Data/GithubData/GroupProject4/Team4Project/Content/Demo/ArtResource/Model/SM_EnemyLinePreview.ubulk" 1176
"E:/Data/GithubData/GroupProject4/Team4Project/Content/Demo/ArtResource/Model/SM_EnemyLinePreview.uasset" 1177
"E:/Data/GithubData/GroupProject4/Team4Project/Content/Demo/ArtResource/Model/SM_EnemyLinePreview.uexp" 1178
"E:/Data/GithubData/GroupProject4/Team4Project/Content/BluePrint/Core/WayPoint/BP_EnemyLinePreview.uasset" 1179
"E:/Data/GithubData/GroupProject4/Team4Project/Content/BluePrint/Core/WayPoint/BP_EnemyLinePreview.uexp" 1180
"E:/Data/GithubData/GroupProject4/Team4Project/Content/BluePrint/Core/WayPoint/Utilities/S_EnemyLineArray.uasset" 1181
"E:/Data/GithubData/GroupProject4/Team4Project/Content/BluePrint/Core/WayPoint/Utilities/S_EnemyLineArray.uexp" 1182
"E:/Data/GithubData/GroupProject4/Team4Project/Content/BluePrint/Core/WayPoint/Utilities/S_ShieldNumAndEnemyNum.uasset" 1183
"E:/Data/GithubData/GroupProject4/Team4Project/Content/BluePrint/Core/WayPoint/Utilities/S_ShieldNumAndEnemyNum.uexp" 1184
"E:/Data/GithubData/GroupProject4/Team4Project/Content/Demo/ArtResource/Textures/WayPoint/T_SpawnPoint.uasset" 1185
"E:/Data/GithubData/GroupProject4/Team4Project/Content/Demo/ArtResource/Textures/WayPoint/T_SpawnPoint.uexp" 1186
"E:/Data/GithubData/GroupProject4/Team4Project/Content/Demo/ArtResource/Textures/CombatIcon/T_EnemySpawnLoc.ubulk" 1187
"E:/Data/GithubData/GroupProject4/Team4Project/Content/Demo/ArtResource/Textures/CombatIcon/T_EnemySpawnLoc.uasset" 1188
"E:/Data/GithubData/GroupProject4/Team4Project/Content/Demo/ArtResource/Textures/CombatIcon/T_EnemySpawnLoc.uexp" 1189
"E:/Data/GithubData/GroupProject4/Team4Project/Content/Demo/ArtResource/Textures/CombatIcon/T_EnemySpawnLoc_Sprite.uasset" 1190
"E:/Data/GithubData/GroupProject4/Team4Project/Content/Demo/ArtResource/Textures/CombatIcon/T_EnemySpawnLoc_Sprite.uexp" 1191
"E:/Data/GithubData/GroupProject4/Team4Project/Content/BluePrint/Core/WayPoint/Utilities/S_EnemyTypeAndNum.uasset" 1192
"E:/Data/GithubData/GroupProject4/Team4Project/Content/BluePrint/Core/WayPoint/Utilities/S_EnemyTypeAndNum.uexp" 1193
"E:/Data/GithubData/GroupProject4/Team4Project/Content/BluePrint/Core/WayPoint/BP_EnemySpawnPoint.uasset" 1194
"E:/Data/GithubData/GroupProject4/Team4Project/Content/BluePrint/Core/WayPoint/BP_EnemySpawnPoint.uexp" 1195
"E:/Data/GithubData/GroupProject4/Team4Project/Content/BluePrint/Core/WayPoint/Utilities/S_EnemyPathData.uasset" 1196
"E:/Data/GithubData/GroupProject4/Team4Project/Content/BluePrint/Core/WayPoint/Utilities/S_EnemyPathData.uexp" 1197
"E:/Data/GithubData/GroupProject4/Team4Project/Content/BluePrint/Core/Combat/Utilities/Enum_TipsBeforeCombat.uasset" 1198
"E:/Data/GithubData/GroupProject4/Team4Project/Content/BluePrint/Core/Combat/Utilities/Enum_TipsBeforeCombat.uexp" 1199
"E:/Data/GithubData/GroupProject4/Team4Project/Content/BluePrint/Core/Combat/Utilities/S_Combat_Stats.uasset" 1200
"E:/Data/GithubData/GroupProject4/Team4Project/Content/BluePrint/Core/Combat/Utilities/S_Combat_Stats.uexp" 1201
"E:/Data/GithubData/GroupProject4/Team4Project/Content/BluePrint/Core/WayPoint/Utilities/S_EnemyWaveData.uasset" 1202
"E:/Data/GithubData/GroupProject4/Team4Project/Content/BluePrint/Core/WayPoint/Utilities/S_EnemyWaveData.uexp" 1203
"E:/Data/GithubData/GroupProject4/Team4Project/Content/BluePrint/Core/Combat/Utilities/S_CombatData.uasset" 1204
"E:/Data/GithubData/GroupProject4/Team4Project/Content/BluePrint/Core/Combat/Utilities/S_CombatData.uexp" 1205
"E:/Data/GithubData/GroupProject4/Team4Project/Content/Demo/ArtResource/Textures/Menu/Combat/T-MainCoin1.uasset" 1206
"E:/Data/GithubData/GroupProject4/Team4Project/Content/Demo/ArtResource/Textures/Menu/Combat/T-MainCoin1.uexp" 1207
"E:/Data/GithubData/GroupProject4/Team4Project/Content/Demo/ArtResource/Textures/CombatIcon/T_MouseClickLeft.ubulk" 1208
"E:/Data/GithubData/GroupProject4/Team4Project/Content/Demo/ArtResource/Textures/CombatIcon/T_MouseClickLeft.uasset" 1209
"E:/Data/GithubData/GroupProject4/Team4Project/Content/Demo/ArtResource/Textures/CombatIcon/T_MouseClickLeft.uexp" 1210
"E:/Data/GithubData/GroupProject4/Team4Project/Content/Demo/Map/T_DebugMiniMapTest.uasset" 1211
"E:/Data/GithubData/GroupProject4/Team4Project/Content/Demo/Map/T_DebugMiniMapTest.uexp" 1212
"E:/Data/GithubData/GroupProject4/Team4Project/Content/Demo/ArtResource/Material/M_MiniMap.uasset" 1213
"E:/Data/GithubData/GroupProject4/Team4Project/Content/Demo/ArtResource/Material/M_MiniMap.uexp" 1214
"E:/Data/GithubData/GroupProject4/Team4Project/Content/Demo/ArtResource/Material/MI_MiniMap.uasset" 1215
"E:/Data/GithubData/GroupProject4/Team4Project/Content/Demo/ArtResource/Material/MI_MiniMap.uexp" 1216
"E:/Data/GithubData/GroupProject4/Team4Project/Content/BluePrint/Core/Combat/DebugWidget/WBP_MiniMap.uasset" 1217
"E:/Data/GithubData/GroupProject4/Team4Project/Content/BluePrint/Core/Combat/DebugWidget/WBP_MiniMap.uexp" 1218
"E:/Data/GithubData/GroupProject4/Team4Project/Content/BluePrint/Core/CrystalToProtect/Utilities/S_Crystal_NumericalStats.uasset" 1219
"E:/Data/GithubData/GroupProject4/Team4Project/Content/BluePrint/Core/CrystalToProtect/Utilities/S_Crystal_NumericalStats.uexp" 1220
"../../../Engine/Content/BasicShapes/Cone.ubulk" 1221
"../../../Engine/Content/BasicShapes/Cone.uasset" 1222
"../../../Engine/Content/BasicShapes/Cone.uexp" 1223
"E:/Data/GithubData/GroupProject4/Team4Project/Content/Demo/ArtResource/Textures/Menu/Combat/T-Buttonblood2.uasset" 1224
"E:/Data/GithubData/GroupProject4/Team4Project/Content/Demo/ArtResource/Textures/Menu/Combat/T-Buttonblood2.uexp" 1225
"E:/Data/GithubData/GroupProject4/Team4Project/Content/Demo/ArtResource/Textures/Menu/Combat/T-Buttonblood1.uasset" 1226
"E:/Data/GithubData/GroupProject4/Team4Project/Content/Demo/ArtResource/Textures/Menu/Combat/T-Buttonblood1.uexp" 1227
"E:/Data/GithubData/GroupProject4/Team4Project/Content/BluePrint/Core/CrystalToProtect/Widget/WBP_CrystalHp.uasset" 1228
"E:/Data/GithubData/GroupProject4/Team4Project/Content/BluePrint/Core/CrystalToProtect/Widget/WBP_CrystalHp.uexp" 1229
"E:/Data/GithubData/GroupProject4/Team4Project/Content/BluePrint/Core/CrystalToProtect/Utilities/Enum_CrystalType.uasset" 1230
"E:/Data/GithubData/GroupProject4/Team4Project/Content/BluePrint/Core/CrystalToProtect/Utilities/Enum_CrystalType.uexp" 1231
"E:/Data/GithubData/GroupProject4/Team4Project/Content/Demo/ArtResource/Textures/CombatIcon/T_Home2.ubulk" 1232
"E:/Data/GithubData/GroupProject4/Team4Project/Content/Demo/ArtResource/Textures/CombatIcon/T_Home2.uasset" 1233
"E:/Data/GithubData/GroupProject4/Team4Project/Content/Demo/ArtResource/Textures/CombatIcon/T_Home2.uexp" 1234
"E:/Data/GithubData/GroupProject4/Team4Project/Content/Demo/ArtResource/Textures/CombatIcon/T_Home2_Sprite.uasset" 1235
"E:/Data/GithubData/GroupProject4/Team4Project/Content/Demo/ArtResource/Textures/CombatIcon/T_Home2_Sprite.uexp" 1236
"E:/Data/GithubData/GroupProject4/Team4Project/Content/BluePrint/Core/CrystalToProtect/Utilities/S_Crystal_Asset.uasset" 1237
"E:/Data/GithubData/GroupProject4/Team4Project/Content/BluePrint/Core/CrystalToProtect/Utilities/S_Crystal_Asset.uexp" 1238
"E:/Data/GithubData/GroupProject4/Team4Project/Content/BluePrint/Core/CrystalToProtect/Utilities/S_CrystalData.uasset" 1239
"E:/Data/GithubData/GroupProject4/Team4Project/Content/BluePrint/Core/CrystalToProtect/Utilities/S_CrystalData.uexp" 1240
"E:/Data/GithubData/GroupProject4/Team4Project/Content/BluePrint/Core/CrystalToProtect/BP_Crystal.uasset" 1241
"E:/Data/GithubData/GroupProject4/Team4Project/Content/BluePrint/Core/CrystalToProtect/BP_Crystal.uexp" 1242
"E:/Data/GithubData/GroupProject4/Team4Project/Content/BluePrint/Core/Combat/DebugWidget/WBP_CrystalHpOnScreen.uasset" 1243
"E:/Data/GithubData/GroupProject4/Team4Project/Content/BluePrint/Core/Combat/DebugWidget/WBP_CrystalHpOnScreen.uexp" 1244
"E:/Data/GithubData/GroupProject4/Team4Project/Content/Demo/ArtResource/Textures/CombatIcon/T_KeyR.ubulk" 1245
"E:/Data/GithubData/GroupProject4/Team4Project/Content/Demo/ArtResource/Textures/CombatIcon/T_KeyR.uasset" 1246
"E:/Data/GithubData/GroupProject4/Team4Project/Content/Demo/ArtResource/Textures/CombatIcon/T_KeyR.uexp" 1247
"E:/Data/GithubData/GroupProject4/Team4Project/Content/Demo/ArtResource/Textures/CombatIcon/T_Forbid.ubulk" 1248
"E:/Data/GithubData/GroupProject4/Team4Project/Content/Demo/ArtResource/Textures/CombatIcon/T_Forbid.uasset" 1249
"E:/Data/GithubData/GroupProject4/Team4Project/Content/Demo/ArtResource/Textures/CombatIcon/T_Forbid.uexp" 1250
"E:/Data/GithubData/GroupProject4/Team4Project/Content/BluePrint/Core/Combat/DebugWidget/WBP_IconWithText.uasset" 1251
"E:/Data/GithubData/GroupProject4/Team4Project/Content/BluePrint/Core/Combat/DebugWidget/WBP_IconWithText.uexp" 1252
"E:/Data/GithubData/GroupProject4/Team4Project/Content/BluePrint/Core/Combat/Utilities/Enum_LockerMode.uasset" 1253
"E:/Data/GithubData/GroupProject4/Team4Project/Content/BluePrint/Core/Combat/Utilities/Enum_LockerMode.uexp" 1254
"E:/Data/GithubData/GroupProject4/Team4Project/Content/Demo/ArtResource/Textures/CombatIcon/T_Upgrade.uasset" 1255
"E:/Data/GithubData/GroupProject4/Team4Project/Content/Demo/ArtResource/Textures/CombatIcon/T_Upgrade.uexp" 1256
"E:/Data/GithubData/GroupProject4/Team4Project/Content/Demo/ArtResource/Textures/Menu/Combat/T-MainCoin4.uasset" 1257
"E:/Data/GithubData/GroupProject4/Team4Project/Content/Demo/ArtResource/Textures/Menu/Combat/T-MainCoin4.uexp" 1258
"E:/Data/GithubData/GroupProject4/Team4Project/Content/Demo/ArtResource/Textures/CombatIcon/T_Bullet.ubulk" 1259
"E:/Data/GithubData/GroupProject4/Team4Project/Content/Demo/ArtResource/Textures/CombatIcon/T_Bullet.uasset" 1260
"E:/Data/GithubData/GroupProject4/Team4Project/Content/Demo/ArtResource/Textures/CombatIcon/T_Bullet.uexp" 1261
"E:/Data/GithubData/GroupProject4/Team4Project/Content/Demo/ArtResource/Textures/Menu/Combat/T-MainDataFrame.uasset" 1262
"E:/Data/GithubData/GroupProject4/Team4Project/Content/Demo/ArtResource/Textures/Menu/Combat/T-MainDataFrame.uexp" 1263
"E:/Data/GithubData/GroupProject4/Team4Project/Content/Demo/ArtResource/Textures/Menu/Combat/T-MainCoin2.uasset" 1264
"E:/Data/GithubData/GroupProject4/Team4Project/Content/Demo/ArtResource/Textures/Menu/Combat/T-MainCoin2.uexp" 1265
"E:/Data/GithubData/GroupProject4/Team4Project/Content/BluePrint/Core/Combat/DebugWidget/WBP_ImageIconWithNum.uasset" 1266
"E:/Data/GithubData/GroupProject4/Team4Project/Content/BluePrint/Core/Combat/DebugWidget/WBP_ImageIconWithNum.uexp" 1267
"E:/Data/GithubData/GroupProject4/Team4Project/Content/BluePrint/Core/Combat/DebugWidget/WBP_DebugCombatScreen.uasset" 1268
"E:/Data/GithubData/GroupProject4/Team4Project/Content/BluePrint/Core/Combat/DebugWidget/WBP_DebugCombatScreen.uexp" 1269
"E:/Data/GithubData/GroupProject4/Team4Project/Content/BluePrint/Core/Terrain/Utilities/S_SidesOfGridTransform.uasset" 1270
"E:/Data/GithubData/GroupProject4/Team4Project/Content/BluePrint/Core/Terrain/Utilities/S_SidesOfGridTransform.uexp" 1271
"E:/Data/GithubData/GroupProject4/Team4Project/Content/Demo/ArtResource/Sound/Theme_Autopsy_Report.ubulk" 1272
"E:/Data/GithubData/GroupProject4/Team4Project/Content/Demo/ArtResource/Sound/Theme_Autopsy_Report.uasset" 1273
"E:/Data/GithubData/GroupProject4/Team4Project/Content/Demo/ArtResource/Sound/Theme_Autopsy_Report.uexp" 1274
"E:/Data/GithubData/GroupProject4/Team4Project/Content/Demo/ArtResource/Sound/SC_ThemeMusic.uasset" 1275
"E:/Data/GithubData/GroupProject4/Team4Project/Content/Demo/ArtResource/Sound/SC_ThemeMusic.uexp" 1276
"E:/Data/GithubData/GroupProject4/Team4Project/Content/BluePrint/Core/Terrain/Utilities/Enum_TileType.uasset" 1277
"E:/Data/GithubData/GroupProject4/Team4Project/Content/BluePrint/Core/Terrain/Utilities/Enum_TileType.uexp" 1278
"E:/Data/GithubData/GroupProject4/Team4Project/Content/BluePrint/Core/Terrain/Utilities/Enum_TileState.uasset" 1279
"E:/Data/GithubData/GroupProject4/Team4Project/Content/BluePrint/Core/Terrain/Utilities/Enum_TileState.uexp" 1280
"E:/Data/GithubData/GroupProject4/Team4Project/Content/BluePrint/Core/Terrain/Utilities/S_TileStateArray.uasset" 1281
"E:/Data/GithubData/GroupProject4/Team4Project/Content/BluePrint/Core/Terrain/Utilities/S_TileStateArray.uexp" 1282
"E:/Data/GithubData/GroupProject4/Team4Project/Content/BluePrint/Core/Terrain/Utilities/S_AllSideTilesStates.uasset" 1283
"E:/Data/GithubData/GroupProject4/Team4Project/Content/BluePrint/Core/Terrain/Utilities/S_AllSideTilesStates.uexp" 1284
"E:/Data/GithubData/GroupProject4/Team4Project/Content/BluePrint/Core/Terrain/Utilities/S_TileData.uasset" 1285
"E:/Data/GithubData/GroupProject4/Team4Project/Content/BluePrint/Core/Terrain/Utilities/S_TileData.uexp" 1286
"E:/Data/GithubData/GroupProject4/Team4Project/Content/BluePrint/Core/Terrain/GridShape/Enum_GridShape.uasset" 1287
"E:/Data/GithubData/GroupProject4/Team4Project/Content/BluePrint/Core/Terrain/GridShape/Enum_GridShape.uexp" 1288
"E:/Data/GithubData/GroupProject4/Team4Project/Content/BluePrint/Core/Terrain/GridShape/S_GridShapeData.uasset" 1289
"E:/Data/GithubData/GroupProject4/Team4Project/Content/BluePrint/Core/Terrain/GridShape/S_GridShapeData.uexp" 1290
"E:/Data/GithubData/GroupProject4/Team4Project/Content/BluePrint/Core/Terrain/Utilities/BFL_TileData.uasset" 1291
"E:/Data/GithubData/GroupProject4/Team4Project/Content/BluePrint/Core/Terrain/Utilities/BFL_TileData.uexp" 1292
"E:/Data/GithubData/GroupProject4/Team4Project/Content/BluePrint/Core/Terrain/Utilities/S_IndexArrayOfGridSide.uasset" 1293
"E:/Data/GithubData/GroupProject4/Team4Project/Content/BluePrint/Core/Terrain/Utilities/S_IndexArrayOfGridSide.uexp" 1294
"E:/Data/GithubData/GroupProject4/Team4Project/Content/BluePrint/Core/Terrain/BP_TerrainMeshInst.uasset" 1295
"E:/Data/GithubData/GroupProject4/Team4Project/Content/BluePrint/Core/Terrain/BP_TerrainMeshInst.uexp" 1296
"E:/Data/GithubData/GroupProject4/Team4Project/Content/BluePrint/Core/Terrain/BP_TerrainGridVisual.uasset" 1297
"E:/Data/GithubData/GroupProject4/Team4Project/Content/BluePrint/Core/Terrain/BP_TerrainGridVisual.uexp" 1298
"E:/Data/GithubData/GroupProject4/Team4Project/Content/BluePrint/Core/Terrain/Utilities/S_IntArray.uasset" 1299
"E:/Data/GithubData/GroupProject4/Team4Project/Content/BluePrint/Core/Terrain/Utilities/S_IntArray.uexp" 1300
"E:/Data/GithubData/GroupProject4/Team4Project/Content/BluePrint/Core/Utilities/BFL_Utilities.uasset" 1301
"E:/Data/GithubData/GroupProject4/Team4Project/Content/BluePrint/Core/Utilities/BFL_Utilities.uexp" 1302
"E:/Data/GithubData/GroupProject4/Team4Project/Content/BluePrint/Core/Terrain/GridShape/M_Grid.uasset" 1303
"E:/Data/GithubData/GroupProject4/Team4Project/Content/BluePrint/Core/Terrain/GridShape/M_Grid.uexp" 1304
"E:/Data/GithubData/GroupProject4/Team4Project/Content/BluePrint/Core/Terrain/GridShape/Square/MI_Grid_Square.uasset" 1305
"E:/Data/GithubData/GroupProject4/Team4Project/Content/BluePrint/Core/Terrain/GridShape/Square/MI_Grid_Square.uexp" 1306
"E:/Data/GithubData/GroupProject4/Team4Project/Content/BluePrint/Core/Terrain/BP_TerrainModifier.uasset" 1307
"E:/Data/GithubData/GroupProject4/Team4Project/Content/BluePrint/Core/Terrain/BP_TerrainModifier.uexp" 1308
"E:/Data/GithubData/GroupProject4/Team4Project/Content/BluePrint/Core/Terrain/Utilities/S_TerrainIndexWithSideIndexGroup.uasset" 1309
"E:/Data/GithubData/GroupProject4/Team4Project/Content/BluePrint/Core/Terrain/Utilities/S_TerrainIndexWithSideIndexGroup.uexp" 1310
"E:/Data/GithubData/GroupProject4/Team4Project/Content/BluePrint/Core/Terrain/GridShape/Square/MI_Grid_Flat_Square.uasset" 1311
"E:/Data/GithubData/GroupProject4/Team4Project/Content/BluePrint/Core/Terrain/GridShape/Square/MI_Grid_Flat_Square.uexp" 1312
"E:/Data/GithubData/GroupProject4/Team4Project/Content/BluePrint/Core/Terrain/GridShape/Square/SM_Grid_SquareFlat.ubulk" 1313
"E:/Data/GithubData/GroupProject4/Team4Project/Content/BluePrint/Core/Terrain/GridShape/Square/SM_Grid_SquareFlat.uasset" 1314
"E:/Data/GithubData/GroupProject4/Team4Project/Content/BluePrint/Core/Terrain/GridShape/Square/SM_Grid_SquareFlat.uexp" 1315
"E:/Data/GithubData/GroupProject4/Team4Project/Content/BluePrint/Core/Terrain/GridShape/DT_GridShapeData.uasset" 1316
"E:/Data/GithubData/GroupProject4/Team4Project/Content/BluePrint/Core/Terrain/GridShape/DT_GridShapeData.uexp" 1317
"E:/Data/GithubData/GroupProject4/Team4Project/Content/BluePrint/Core/Terrain/GridShape/BFL_GridShape.uasset" 1318
"E:/Data/GithubData/GroupProject4/Team4Project/Content/BluePrint/Core/Terrain/GridShape/BFL_GridShape.uexp" 1319
"E:/Data/GithubData/GroupProject4/Team4Project/Content/BluePrint/Core/Terrain/BP_Terrain.uasset" 1320
"E:/Data/GithubData/GroupProject4/Team4Project/Content/BluePrint/Core/Terrain/BP_Terrain.uexp" 1321
"E:/Data/GithubData/GroupProject4/Team4Project/Content/Demo/ArtResource/Textures/Menu/Combat/T-FrameShadow.uasset" 1322
"E:/Data/GithubData/GroupProject4/Team4Project/Content/Demo/ArtResource/Textures/Menu/Combat/T-FrameShadow.uexp" 1323
"E:/Data/GithubData/GroupProject4/Team4Project/Content/Demo/ArtResource/Font/ITCBLKAD.uexp" 1324
"E:/Data/GithubData/GroupProject4/Team4Project/Content/Demo/ArtResource/Font/ITCBLKAD.uasset" 1325
"E:/Data/GithubData/GroupProject4/Team4Project/Content/Demo/ArtResource/Font/ITCBLKAD.ufont" 1326
"E:/Data/GithubData/GroupProject4/Team4Project/Content/Demo/ArtResource/Font/ITCBLKAD_Font.uasset" 1327
"E:/Data/GithubData/GroupProject4/Team4Project/Content/Demo/ArtResource/Font/ITCBLKAD_Font.uexp" 1328
"E:/Data/GithubData/GroupProject4/Team4Project/Content/BluePrint/Core/Combat/DebugWidget/WBP_ButtonWithText.uasset" 1329
"E:/Data/GithubData/GroupProject4/Team4Project/Content/BluePrint/Core/Combat/DebugWidget/WBP_ButtonWithText.uexp" 1330
"E:/Data/GithubData/GroupProject4/Team4Project/Content/BluePrint/Core/Combat/DebugWidget/WBP_TipsBeforeCombatStart.uasset" 1331
"E:/Data/GithubData/GroupProject4/Team4Project/Content/BluePrint/Core/Combat/DebugWidget/WBP_TipsBeforeCombatStart.uexp" 1332
"E:/Data/GithubData/GroupProject4/Team4Project/Content/BluePrint/Core/Combat/BP_CombatSystem.uasset" 1333
"E:/Data/GithubData/GroupProject4/Team4Project/Content/BluePrint/Core/Combat/BP_CombatSystem.uexp" 1334
"E:/Data/GithubData/GroupProject4/Team4Project/Content/BluePrint/Core/Terrain/BP_DeathArea.uasset" 1335
"E:/Data/GithubData/GroupProject4/Team4Project/Content/BluePrint/Core/Terrain/BP_DeathArea.uexp" 1336
"E:/Data/GithubData/GroupProject4/Team4Project/Content/Demo/ArtResource/Textures/Menu/Combat/T-FramewithoutShadow.uasset" 1337
"E:/Data/GithubData/GroupProject4/Team4Project/Content/Demo/ArtResource/Textures/Menu/Combat/T-FramewithoutShadow.uexp" 1338
"E:/Data/GithubData/GroupProject4/Team4Project/Content/BluePrint/Core/Combat/DebugWidget/WBP_DebugFinishedCombatScreen.uasset" 1339
"E:/Data/GithubData/GroupProject4/Team4Project/Content/BluePrint/Core/Combat/DebugWidget/WBP_DebugFinishedCombatScreen.uexp" 1340
"E:/Data/GithubData/GroupProject4/Team4Project/Content/BluePrint/Core/Player/Actions/BP_Action.uasset" 1341
"E:/Data/GithubData/GroupProject4/Team4Project/Content/BluePrint/Core/Player/Actions/BP_Action.uexp" 1342
"E:/Data/GithubData/GroupProject4/Team4Project/Content/BluePrint/Core/Player/Actions/BP_Action_Child_UpgradeHoveredTower.uasset" 1343
"E:/Data/GithubData/GroupProject4/Team4Project/Content/BluePrint/Core/Player/Actions/BP_Action_Child_UpgradeHoveredTower.uexp" 1344
"E:/Data/GithubData/GroupProject4/Team4Project/Content/BluePrint/Core/Combat/DebugWidget/WBP_DebugOptionMenu.uasset" 1345
"E:/Data/GithubData/GroupProject4/Team4Project/Content/BluePrint/Core/Combat/DebugWidget/WBP_DebugOptionMenu.uexp" 1346
"E:/Data/GithubData/GroupProject4/Team4Project/Content/BluePrint/Core/Player/Actions/BP_Action_WeaponShoot.uasset" 1347
"E:/Data/GithubData/GroupProject4/Team4Project/Content/BluePrint/Core/Player/Actions/BP_Action_WeaponShoot.uexp" 1348
"E:/Data/GithubData/GroupProject4/Team4Project/Content/Demo/ArtResource/Tower/TowerIcon_IymphocyteShooter.ubulk" 1349
"E:/Data/GithubData/GroupProject4/Team4Project/Content/Demo/ArtResource/Tower/TowerIcon_IymphocyteShooter.uasset" 1350
"E:/Data/GithubData/GroupProject4/Team4Project/Content/Demo/ArtResource/Tower/TowerIcon_IymphocyteShooter.uexp" 1351
"E:/Data/GithubData/GroupProject4/Team4Project/Content/BluePrint/Core/Tower/Widget/WBP_Button_Tower.uasset" 1352
"E:/Data/GithubData/GroupProject4/Team4Project/Content/BluePrint/Core/Tower/Widget/WBP_Button_Tower.uexp" 1353
"E:/Data/GithubData/GroupProject4/Team4Project/Content/BluePrint/Core/Debug/Actions/Button_Action.uasset" 1354
"E:/Data/GithubData/GroupProject4/Team4Project/Content/BluePrint/Core/Debug/Actions/Button_Action.uexp" 1355
"E:/Data/GithubData/GroupProject4/Team4Project/Content/BluePrint/Core/Tower/Widget/WBP_ButtonList_Tower.uasset" 1356
"E:/Data/GithubData/GroupProject4/Team4Project/Content/BluePrint/Core/Tower/Widget/WBP_ButtonList_Tower.uexp" 1357
"E:/Data/GithubData/GroupProject4/Team4Project/Content/BluePrint/Core/Player/Actions/BP_Action_Child_AddRemoveTowerOnTerrain.uasset" 1358
"E:/Data/GithubData/GroupProject4/Team4Project/Content/BluePrint/Core/Player/Actions/BP_Action_Child_AddRemoveTowerOnTerrain.uexp" 1359
"E:/Data/GithubData/GroupProject4/Team4Project/Content/BluePrint/Core/Debug/Actions/WBP_Button_Action_AddRemoveTowerFromCombat.uasset" 1360
"E:/Data/GithubData/GroupProject4/Team4Project/Content/BluePrint/Core/Debug/Actions/WBP_Button_Action_AddRemoveTowerFromCombat.uexp" 1361
"E:/Data/GithubData/GroupProject4/Team4Project/Content/BluePrint/Core/Player/Actions/BP_Action_Child_SelectTileAndTower.uasset" 1362
"E:/Data/GithubData/GroupProject4/Team4Project/Content/BluePrint/Core/Player/Actions/BP_Action_Child_SelectTileAndTower.uexp" 1363
"E:/Data/GithubData/GroupProject4/Team4Project/Content/BluePrint/Core/Debug/Tab/Tab_Tower.uasset" 1364
"E:/Data/GithubData/GroupProject4/Team4Project/Content/BluePrint/Core/Debug/Tab/Tab_Tower.uexp" 1365
"E:/Data/GithubData/GroupProject4/Team4Project/Content/BluePrint/Core/Debug/LevelLoad/BP_LevelLoading.uasset" 1366
"E:/Data/GithubData/GroupProject4/Team4Project/Content/BluePrint/Core/Debug/LevelLoad/BP_LevelLoading.uexp" 1367
"E:/Data/GithubData/GroupProject4/Team4Project/Content/BluePrint/Core/Debug/Widget/SpinBox_WithName_Vector3.uasset" 1368
"E:/Data/GithubData/GroupProject4/Team4Project/Content/BluePrint/Core/Debug/Widget/SpinBox_WithName_Vector3.uexp" 1369
"E:/Data/GithubData/GroupProject4/Team4Project/Content/BluePrint/Core/Debug/Widget/SpinBox_WithName.uasset" 1370
"E:/Data/GithubData/GroupProject4/Team4Project/Content/BluePrint/Core/Debug/Widget/SpinBox_WithName.uexp" 1371
"E:/Data/GithubData/GroupProject4/Team4Project/Content/BluePrint/Core/Debug/Tab/Tab_Grid.uasset" 1372
"E:/Data/GithubData/GroupProject4/Team4Project/Content/BluePrint/Core/Debug/Tab/Tab_Grid.uexp" 1373
"E:/Data/GithubData/GroupProject4/Team4Project/Content/BluePrint/Core/Debug/Tab/Tab_Camera.uasset" 1374
"E:/Data/GithubData/GroupProject4/Team4Project/Content/BluePrint/Core/Debug/Tab/Tab_Camera.uexp" 1375
"E:/Data/GithubData/GroupProject4/Team4Project/Content/BluePrint/Core/Debug/Widget/Button_ConsoleCommand.uasset" 1376
"E:/Data/GithubData/GroupProject4/Team4Project/Content/BluePrint/Core/Debug/Widget/Button_ConsoleCommand.uexp" 1377
"E:/Data/GithubData/GroupProject4/Team4Project/Content/BluePrint/Core/Debug/Tab/Tab_Commands.uasset" 1378
"E:/Data/GithubData/GroupProject4/Team4Project/Content/BluePrint/Core/Debug/Tab/Tab_Commands.uexp" 1379
"E:/Data/GithubData/GroupProject4/Team4Project/Content/BluePrint/Core/Debug/WBP_DebugMenu.uasset" 1380
"E:/Data/GithubData/GroupProject4/Team4Project/Content/BluePrint/Core/Debug/WBP_DebugMenu.uexp" 1381
"E:/Data/GithubData/GroupProject4/Team4Project/Content/BluePrint/Core/Debug/BP_DebugMenu.uasset" 1382
"E:/Data/GithubData/GroupProject4/Team4Project/Content/BluePrint/Core/Debug/BP_DebugMenu.uexp" 1383
"E:/Data/GithubData/GroupProject4/Team4Project/Content/BluePrint/Core/Player/BP_PlayerAction.uasset" 1384
"E:/Data/GithubData/GroupProject4/Team4Project/Content/BluePrint/Core/Player/BP_PlayerAction.uexp" 1385
"E:/Data/GithubData/GroupProject4/Team4Project/Content/Demo/ArtResource/Unit/Template/ABP_Template.uasset" 1386
"E:/Data/GithubData/GroupProject4/Team4Project/Content/Demo/ArtResource/Unit/Template/ABP_Template.uexp" 1387
"E:/Data/GithubData/GroupProject4/Team4Project/Content/BluePrint/Core/Character/BP_UnitMaster_Player.uasset" 1388
"E:/Data/GithubData/GroupProject4/Team4Project/Content/BluePrint/Core/Character/BP_UnitMaster_Player.uexp" 1389
"E:/Data/GithubData/GroupProject4/Team4Project/Content/BluePrint/Core/Player/BP_Pawn.uasset" 1390
"E:/Data/GithubData/GroupProject4/Team4Project/Content/BluePrint/Core/Player/BP_Pawn.uexp" 1391
"E:/Data/GithubData/GroupProject4/Team4Project/Content/BluePrint/Core/Player/BP_GM.uasset" 1392
"E:/Data/GithubData/GroupProject4/Team4Project/Content/BluePrint/Core/Player/BP_GM.uexp" 1393
"../../../Engine/Content/EngineResources/DefaultTextureCube.uasset" 1394
"../../../Engine/Content/EngineResources/DefaultTextureCube.uexp" 1395
"../../../Engine/Content/EngineResources/DefaultVolumeTexture2D.uasset" 1396
"../../../Engine/Content/EngineResources/DefaultVolumeTexture2D.uexp" 1397
"../../../Engine/Content/EngineResources/DefaultVolumeTexture.uasset" 1398
"../../../Engine/Content/EngineResources/DefaultVolumeTexture.uexp" 1399
"../../../Engine/Content/EngineMeshes/Sphere.ubulk" 1400
"../../../Engine/Content/EngineMeshes/Sphere.uasset" 1401
"../../../Engine/Content/EngineMeshes/Sphere.uexp" 1402
"../../../Engine/Plugins/NNE/NNEDenoiser/Content/NNEDTOM_Output_Default.uasset" 1403
"../../../Engine/Plugins/NNE/NNEDenoiser/Content/NNEDTOM_Output_Default.uexp" 1404
"../../../Engine/Plugins/NNE/NNEDenoiser/Content/NNEDTOM_Output_Alpha.uasset" 1405
"../../../Engine/Plugins/NNE/NNEDenoiser/Content/NNEDTOM_Output_Alpha.uexp" 1406
"../../../Engine/Plugins/NNE/NNEDenoiser/Content/NNEDTIM_ColorAlbedoNormal_Default.uasset" 1407
"../../../Engine/Plugins/NNE/NNEDenoiser/Content/NNEDTIM_ColorAlbedoNormal_Default.uexp" 1408
"../../../Engine/Plugins/NNE/NNEDenoiser/Content/NNEDTIM_ColorAlbedoNormal_Alpha.uasset" 1409
"../../../Engine/Plugins/NNE/NNEDenoiser/Content/NNEDTIM_ColorAlbedoNormal_Alpha.uexp" 1410
"../../../Engine/Plugins/NNE/NNEDenoiser/Content/NNEDOM_Output_Default.uasset" 1411
"../../../Engine/Plugins/NNE/NNEDenoiser/Content/NNEDOM_Output_Default.uexp" 1412
"../../../Engine/Plugins/NNE/NNEDenoiser/Content/NNEDOM_Output_Alpha.uasset" 1413
"../../../Engine/Plugins/NNE/NNEDenoiser/Content/NNEDOM_Output_Alpha.uexp" 1414
"../../../Engine/Plugins/NNE/NNEDenoiser/Content/NNEDIM_HighQuality_Default.uasset" 1415
"../../../Engine/Plugins/NNE/NNEDenoiser/Content/NNEDIM_HighQuality_Default.uexp" 1416
"../../../Engine/Plugins/NNE/NNEDenoiser/Content/NNEDIM_HighQuality_Alpha.uasset" 1417
"../../../Engine/Plugins/NNE/NNEDenoiser/Content/NNEDIM_HighQuality_Alpha.uexp" 1418
"../../../Engine/Plugins/NNE/NNEDenoiser/Content/NNEDIM_ColorAlbedoNormal_Default.uasset" 1419
"../../../Engine/Plugins/NNE/NNEDenoiser/Content/NNEDIM_ColorAlbedoNormal_Default.uexp" 1420
"../../../Engine/Plugins/NNE/NNEDenoiser/Content/NNEDIM_ColorAlbedoNormal_Alpha.uasset" 1421
"../../../Engine/Plugins/NNE/NNEDenoiser/Content/NNEDIM_ColorAlbedoNormal_Alpha.uexp" 1422
"../../../Engine/Plugins/Media/MediaPlate/Content/SM_MediaPlateScreen.ubulk" 1423
"../../../Engine/Plugins/Media/MediaPlate/Content/SM_MediaPlateScreen.uasset" 1424
"../../../Engine/Plugins/Media/MediaPlate/Content/SM_MediaPlateScreen.uexp" 1425
"../../../Engine/Content/Functions/Engine_MaterialFunctions02/WorldPositionOffset/CameraOffset.uasset" 1426
"../../../Engine/Content/Functions/Engine_MaterialFunctions02/WorldPositionOffset/CameraOffset.uexp" 1427
"../../../Engine/Plugins/Animation/ControlRig/Content/M_Manip.uasset" 1428
"../../../Engine/Plugins/Animation/ControlRig/Content/M_Manip.uexp" 1429
"../../../Engine/Plugins/2D/Paper2D/Content/OpaqueUnlitSpriteMaterial.uasset" 1430
"../../../Engine/Plugins/2D/Paper2D/Content/OpaqueUnlitSpriteMaterial.uexp" 1431
"../../../Engine/Content/EngineResources/WhiteSquareTexture.uasset" 1432
"../../../Engine/Content/EngineResources/WhiteSquareTexture.uexp" 1433
"../../../Engine/Content/EngineMaterials/Widget3DPassThrough.uasset" 1434
"../../../Engine/Content/EngineMaterials/Widget3DPassThrough.uexp" 1435
"../../../Engine/Content/EngineMaterials/Widget3DPassThrough_Translucent.uasset" 1436
"../../../Engine/Content/EngineMaterials/Widget3DPassThrough_Translucent.uexp" 1437
"../../../Engine/Content/EngineMaterials/Widget3DPassThrough_Translucent_OneSided.uasset" 1438
"../../../Engine/Content/EngineMaterials/Widget3DPassThrough_Translucent_OneSided.uexp" 1439
"../../../Engine/Content/EngineMaterials/Widget3DPassThrough_Opaque.uasset" 1440
"../../../Engine/Content/EngineMaterials/Widget3DPassThrough_Opaque.uexp" 1441
"../../../Engine/Content/EngineMaterials/Widget3DPassThrough_Opaque_OneSided.uasset" 1442
"../../../Engine/Content/EngineMaterials/Widget3DPassThrough_Opaque_OneSided.uexp" 1443
"../../../Engine/Content/EngineMaterials/Widget3DPassThrough_Masked_OneSided.uasset" 1444
"../../../Engine/Content/EngineMaterials/Widget3DPassThrough_Masked_OneSided.uexp" 1445
"../../../Engine/Content/EngineMaterials/Widget3DPassThrough_Masked.uasset" 1446
"../../../Engine/Content/EngineMaterials/Widget3DPassThrough_Masked.uexp" 1447
"../../../Engine/Content/EngineMaterials/WeightMapPlaceholderTexture.uasset" 1448
"../../../Engine/Content/EngineMaterials/WeightMapPlaceholderTexture.uexp" 1449
"../../../Engine/Content/EngineMaterials/WeightMapArrayPlaceholderTexture.uasset" 1450
"../../../Engine/Content/EngineMaterials/WeightMapArrayPlaceholderTexture.uexp" 1451
"../../../Engine/Content/EngineMaterials/RemoveSurfaceMaterial.uasset" 1452
"../../../Engine/Content/EngineMaterials/RemoveSurfaceMaterial.uexp" 1453
"../../../Engine/Content/EngineMaterials/DefaultCalibrationGrayscale.uasset" 1454
"../../../Engine/Content/EngineMaterials/DefaultCalibrationGrayscale.uexp" 1455
"../../../Engine/Content/EngineMaterials/PPM_DefaultCalibrationGrayscale.uasset" 1456
"../../../Engine/Content/EngineMaterials/PPM_DefaultCalibrationGrayscale.uexp" 1457
"../../../Engine/Content/EngineMaterials/DefaultCalibrationColor.uasset" 1458
"../../../Engine/Content/EngineMaterials/DefaultCalibrationColor.uexp" 1459
"../../../Engine/Content/EngineMaterials/PPM_DefaultCalibrationColor.uasset" 1460
"../../../Engine/Content/EngineMaterials/PPM_DefaultCalibrationColor.uexp" 1461
"../../../Engine/Content/EngineMaterials/PhAT_JointLimitMaterial.uasset" 1462
"../../../Engine/Content/EngineMaterials/PhAT_JointLimitMaterial.uexp" 1463
"../../../Engine/Content/EngineMaterials/NaniteHiddenSectionMaterial.uasset" 1464
"../../../Engine/Content/EngineMaterials/NaniteHiddenSectionMaterial.uexp" 1465
"../../../Engine/Content/EngineMaterials/InvalidLightmapSettings.ubulk" 1466
"../../../Engine/Content/EngineMaterials/InvalidLightmapSettings.uasset" 1467
"../../../Engine/Content/EngineMaterials/InvalidLightmapSettings.uexp" 1468
"../../../Engine/Content/EngineMaterials/M_InvalidLightmapSettings.uasset" 1469
"../../../Engine/Content/EngineMaterials/M_InvalidLightmapSettings.uexp" 1470
"../../../Engine/Content/EngineMaterials/GizmoMaterial.uasset" 1471
"../../../Engine/Content/EngineMaterials/GizmoMaterial.uexp" 1472
"../../../Engine/Content/EngineMaterials/BaseFlattenEmissiveMap_VT.uasset" 1473
"../../../Engine/Content/EngineMaterials/BaseFlattenEmissiveMap_VT.uexp" 1474
"../../../Engine/Content/EngineMaterials/BaseFlattenGrayscaleMap_VT.uasset" 1475
"../../../Engine/Content/EngineMaterials/BaseFlattenGrayscaleMap_VT.uexp" 1476
"../../../Engine/Content/EngineMaterials/BaseFlattenLinearColor_VT.uasset" 1477
"../../../Engine/Content/EngineMaterials/BaseFlattenLinearColor_VT.uexp" 1478
"../../../Engine/Content/EngineMaterials/Black_1x1_EXR_Texture_VT.uasset" 1479
"../../../Engine/Content/EngineMaterials/Black_1x1_EXR_Texture_VT.uexp" 1480
"../../../Engine/Content/EngineMaterials/BaseFlattenDiffuseMap_VT.uasset" 1481
"../../../Engine/Content/EngineMaterials/BaseFlattenDiffuseMap_VT.uexp" 1482
"../../../Engine/Content/EngineMaterials/BaseFlattenNormalMap_VT.uasset" 1483
"../../../Engine/Content/EngineMaterials/BaseFlattenNormalMap_VT.uexp" 1484
"../../../Engine/Content/EngineMaterials/FlattenMaterial_WS_Normal_VT.uasset" 1485
"../../../Engine/Content/EngineMaterials/FlattenMaterial_WS_Normal_VT.uexp" 1486
"../../../Engine/Content/EngineMaterials/FlattenMaterial_VT.uasset" 1487
"../../../Engine/Content/EngineMaterials/FlattenMaterial_VT.uexp" 1488
"../../../Engine/Content/EngineMaterials/BaseFlattenNormalMap.uasset" 1489
"../../../Engine/Content/EngineMaterials/BaseFlattenNormalMap.uexp" 1490
"../../../Engine/Content/EngineMaterials/BaseFlattenGrayscaleMap.uasset" 1491
"../../../Engine/Content/EngineMaterials/BaseFlattenGrayscaleMap.uexp" 1492
"../../../Engine/Content/EngineMaterials/BaseFlattenDiffuseMap.uasset" 1493
"../../../Engine/Content/EngineMaterials/BaseFlattenDiffuseMap.uexp" 1494
"../../../Engine/Content/Functions/Engine_MaterialFunctions02/PivotPainter2/Black_1x1_EXR_Texture.uasset" 1495
"../../../Engine/Content/Functions/Engine_MaterialFunctions02/PivotPainter2/Black_1x1_EXR_Texture.uexp" 1496
"../../../Engine/Content/EngineMaterials/BaseFlattenEmissiveMap.uasset" 1497
"../../../Engine/Content/EngineMaterials/BaseFlattenEmissiveMap.uexp" 1498
"../../../Engine/Content/EngineMaterials/BaseFlattenLinearColor.uasset" 1499
"../../../Engine/Content/EngineMaterials/BaseFlattenLinearColor.uexp" 1500
"../../../Engine/Content/EngineMaterials/FlattenMaterial.uasset" 1501
"../../../Engine/Content/EngineMaterials/FlattenMaterial.uexp" 1502
"../../../Engine/Content/EngineMaterials/DefaultWhiteGrid_Low.uasset" 1503
"../../../Engine/Content/EngineMaterials/DefaultWhiteGrid_Low.uexp" 1504
"../../../Engine/Content/EngineMaterials/EmissiveMeshMaterial.uasset" 1505
"../../../Engine/Content/EngineMaterials/EmissiveMeshMaterial.uexp" 1506
"../../../Engine/Content/EngineFonts/RobotoDistanceField.uasset" 1507
"../../../Engine/Content/EngineFonts/RobotoDistanceField.uexp" 1508
"../../../Engine/Content/EngineMaterials/DefaultTextMaterialOpaque.uasset" 1509
"../../../Engine/Content/EngineMaterials/DefaultTextMaterialOpaque.uexp" 1510
"../../../Engine/Content/Functions/Engine_MaterialFunctions02/Utility/BreakOutFloat2Components.uasset" 1511
"../../../Engine/Content/Functions/Engine_MaterialFunctions02/Utility/BreakOutFloat2Components.uexp" 1512
"../../../Engine/Content/EngineMaterials/DefaultPostProcessMaterial.uasset" 1513
"../../../Engine/Content/EngineMaterials/DefaultPostProcessMaterial.uexp" 1514
"../../../Engine/Content/EngineMaterials/DefaultLightFunctionMaterial.uasset" 1515
"../../../Engine/Content/EngineMaterials/DefaultLightFunctionMaterial.uexp" 1516
"../../../Engine/Content/EngineMaterials/DefaultDeferredDecalMaterial.uasset" 1517
"../../../Engine/Content/EngineMaterials/DefaultDeferredDecalMaterial.uexp" 1518
"../../../Engine/Content/Functions/Engine_MaterialFunctions02/Utility/CameraDirectionVector.uasset" 1519
"../../../Engine/Content/Functions/Engine_MaterialFunctions02/Utility/CameraDirectionVector.uexp" 1520
"../../../Engine/Content/EngineDebugMaterials/VolumeToRender.uasset" 1521
"../../../Engine/Content/EngineDebugMaterials/VolumeToRender.uexp" 1522
"../../../Engine/Content/EngineDebugMaterials/M_VolumeRenderSphereTracePP.uasset" 1523
"../../../Engine/Content/EngineDebugMaterials/M_VolumeRenderSphereTracePP.uexp" 1524
"../../../Engine/Content/EngineDebugMaterials/M_SimpleUnlitTranslucent.uasset" 1525
"../../../Engine/Content/EngineDebugMaterials/M_SimpleUnlitTranslucent.uexp" 1526
"../../../Engine/Content/EngineDebugMaterials/DebugMeshMaterial.uasset" 1527
"../../../Engine/Content/EngineDebugMaterials/DebugMeshMaterial.uexp" 1528
"../../../Engine/Content/EngineDebugMaterials/DebugEditorMaterial.uasset" 1529
"../../../Engine/Content/EngineDebugMaterials/DebugEditorMaterial.uexp" 1530
"../../../Engine/Content/EditorMaterials/PreviewShadowIndicator.ubulk" 1531
"../../../Engine/Content/EditorMaterials/PreviewShadowIndicator.uasset" 1532
"../../../Engine/Content/EditorMaterials/PreviewShadowIndicator.uexp" 1533
"../../../Engine/Content/EditorMaterials/PreviewShadowIndicatorMaterial.uasset" 1534
"../../../Engine/Content/EditorMaterials/PreviewShadowIndicatorMaterial.uexp" 1535
"../../../Engine/Content/EditorMaterials/PhAT_UnselectedMaterial.uasset" 1536
"../../../Engine/Content/EditorMaterials/PhAT_UnselectedMaterial.uexp" 1537
"../../../Engine/Content/EditorMaterials/PhAT_NoCollisionMaterial.uasset" 1538
"../../../Engine/Content/EditorMaterials/PhAT_NoCollisionMaterial.uexp" 1539
"../../../Engine/Content/EditorLandscapeResources/SplineEditorMeshMat.uasset" 1540
"../../../Engine/Content/EditorLandscapeResources/SplineEditorMeshMat.uexp" 1541
"../../../Engine/Content/EditorLandscapeResources/SplineEditorMesh.ubulk" 1542
"../../../Engine/Content/EditorLandscapeResources/SplineEditorMesh.uasset" 1543
"../../../Engine/Content/EditorLandscapeResources/SplineEditorMesh.uexp" 1544
"../../../Engine/Content/BasicShapes/Plane.ubulk" 1545
"../../../Engine/Content/BasicShapes/Plane.uasset" 1546
"../../../Engine/Content/BasicShapes/Plane.uexp" 1547
"../../../Engine/Content/BasicShapes/Cylinder.ubulk" 1548
"../../../Engine/Content/BasicShapes/Cylinder.uasset" 1549
"../../../Engine/Content/BasicShapes/Cylinder.uexp" 1550
"../../../Engine/Plugins/Runtime/MeshModelingToolset/Content/Materials/M_DynamicMeshComponentVtxColor.uasset" 1551
"../../../Engine/Plugins/Runtime/MeshModelingToolset/Content/Materials/M_DynamicMeshComponentVtxColor.uexp" 1552
"../../../Engine/Plugins/Runtime/HairStrands/Content/Materials/HairMeshesDefaultMaterial.uasset" 1553
"../../../Engine/Plugins/Runtime/HairStrands/Content/Materials/HairMeshesDefaultMaterial.uexp" 1554
"../../../Engine/Plugins/Runtime/HairStrands/Content/Materials/HairDefaultMaterial.uasset" 1555
"../../../Engine/Plugins/Runtime/HairStrands/Content/Materials/HairDefaultMaterial.uexp" 1556
"../../../Engine/Plugins/Runtime/HairStrands/Content/Materials/HairGroupColors.uasset" 1557
"../../../Engine/Plugins/Runtime/HairStrands/Content/Materials/HairGroupColors.uexp" 1558
"../../../Engine/Content/Functions/Engine_MaterialFunctions02/Utility/MakeFloat2.uasset" 1559
"../../../Engine/Content/Functions/Engine_MaterialFunctions02/Utility/MakeFloat2.uexp" 1560
"../../../Engine/Content/EngineMaterials/HairColorMap.uasset" 1561
"../../../Engine/Content/EngineMaterials/HairColorMap.uexp" 1562
"../../../Engine/Content/EngineMaterials/HairDebugColor.uasset" 1563
"../../../Engine/Content/EngineMaterials/HairDebugColor.uexp" 1564
"../../../Engine/Plugins/Runtime/HairStrands/Content/Materials/HairDebugMaterial.uasset" 1565
"../../../Engine/Plugins/Runtime/HairStrands/Content/Materials/HairDebugMaterial.uexp" 1566
"../../../Engine/Plugins/Runtime/HairStrands/Content/Materials/HairCardsDefaultMaterial.uasset" 1567
"../../../Engine/Plugins/Runtime/HairStrands/Content/Materials/HairCardsDefaultMaterial.uexp" 1568
"../../../Engine/Content/Functions/Engine_MaterialFunctions01/Texturing/ScaleUVsByCenter.uasset" 1569
"../../../Engine/Content/Functions/Engine_MaterialFunctions01/Texturing/ScaleUVsByCenter.uexp" 1570
"../../../Engine/Plugins/Runtime/AudioWidgets/Content/AudioMaterialSlate/Functions/MF_SingleLine_Smooth.uasset" 1571
"../../../Engine/Plugins/Runtime/AudioWidgets/Content/AudioMaterialSlate/Functions/MF_SingleLine_Smooth.uexp" 1572
"../../../Engine/Plugins/Runtime/AudioWidgets/Content/AudioMaterialSlate/Functions/MF_AngleGradient.uasset" 1573
"../../../Engine/Plugins/Runtime/AudioWidgets/Content/AudioMaterialSlate/Functions/MF_AngleGradient.uexp" 1574
"../../../Engine/Plugins/Runtime/AudioWidgets/Content/AudioMaterialSlate/Functions/MF_SingleLine.uasset" 1575
"../../../Engine/Plugins/Runtime/AudioWidgets/Content/AudioMaterialSlate/Functions/MF_SingleLine.uexp" 1576
"../../../Engine/Content/Functions/Engine_MaterialFunctions01/Gradient/SphereGradient-2D.uasset" 1577
"../../../Engine/Content/Functions/Engine_MaterialFunctions01/Gradient/SphereGradient-2D.uexp" 1578
"../../../Engine/Plugins/Runtime/AudioWidgets/Content/AudioMaterialSlate/M_AudioMaterialToggleButton.uasset" 1579
"../../../Engine/Plugins/Runtime/AudioWidgets/Content/AudioMaterialSlate/M_AudioMaterialToggleButton.uexp" 1580
"../../../Engine/Plugins/Runtime/AudioWidgets/Content/AudioMaterialSlate/MI_AudioMaterialToggleButton.uasset" 1581
"../../../Engine/Plugins/Runtime/AudioWidgets/Content/AudioMaterialSlate/MI_AudioMaterialToggleButton.uexp" 1582
"../../../Engine/Content/Functions/Engine_MaterialFunctions02/Utility/VectorLength.uasset" 1583
"../../../Engine/Content/Functions/Engine_MaterialFunctions02/Utility/VectorLength.uexp" 1584
"../../../Engine/Content/Functions/Engine_MaterialFunctions01/Gradient/GeneratedRoundRect.uasset" 1585
"../../../Engine/Content/Functions/Engine_MaterialFunctions01/Gradient/GeneratedRoundRect.uexp" 1586
"../../../Engine/Plugins/Runtime/AudioWidgets/Content/AudioMaterialSlate/M_AudioMaterialRoundedSlider.uasset" 1587
"../../../Engine/Plugins/Runtime/AudioWidgets/Content/AudioMaterialSlate/M_AudioMaterialRoundedSlider.uexp" 1588
"../../../Engine/Plugins/Runtime/AudioWidgets/Content/AudioMaterialSlate/MI_AudioMaterialRoundedSlider.uasset" 1589
"../../../Engine/Plugins/Runtime/AudioWidgets/Content/AudioMaterialSlate/MI_AudioMaterialRoundedSlider.uexp" 1590
"../../../Engine/Plugins/Runtime/AudioWidgets/Content/AudioMaterialSlate/Functions/MF_Lines.uasset" 1591
"../../../Engine/Plugins/Runtime/AudioWidgets/Content/AudioMaterialSlate/Functions/MF_Lines.uexp" 1592
"../../../Engine/Content/Functions/Engine_MaterialFunctions02/Lerp_3Color.uasset" 1593
"../../../Engine/Content/Functions/Engine_MaterialFunctions02/Lerp_3Color.uexp" 1594
"../../../Engine/Plugins/Runtime/AudioWidgets/Content/AudioMaterialSlate/M_AudioMaterialMeter.uasset" 1595
"../../../Engine/Plugins/Runtime/AudioWidgets/Content/AudioMaterialSlate/M_AudioMaterialMeter.uexp" 1596
"../../../Engine/Plugins/Runtime/AudioWidgets/Content/AudioMaterialSlate/MI_AudioMaterialMeter.uasset" 1597
"../../../Engine/Plugins/Runtime/AudioWidgets/Content/AudioMaterialSlate/MI_AudioMaterialMeter.uexp" 1598
"../../../Engine/Plugins/Runtime/AudioWidgets/Content/AudioMaterialSlate/M_AudioMaterialKnob.uasset" 1599
"../../../Engine/Plugins/Runtime/AudioWidgets/Content/AudioMaterialSlate/M_AudioMaterialKnob.uexp" 1600
"../../../Engine/Plugins/Runtime/AudioWidgets/Content/AudioMaterialSlate/MI_AudioMaterialKnob.uasset" 1601
"../../../Engine/Plugins/Runtime/AudioWidgets/Content/AudioMaterialSlate/MI_AudioMaterialKnob.uexp" 1602
"../../../Engine/Plugins/Runtime/AudioWidgets/Content/AudioMaterialSlate/Functions/MF_DotOutlined.uasset" 1603
"../../../Engine/Plugins/Runtime/AudioWidgets/Content/AudioMaterialSlate/Functions/MF_DotOutlined.uexp" 1604
"../../../Engine/Plugins/Runtime/AudioWidgets/Content/AudioMaterialSlate/M_AudioMaterialEnvelope_ADSR.uasset" 1605
"../../../Engine/Plugins/Runtime/AudioWidgets/Content/AudioMaterialSlate/M_AudioMaterialEnvelope_ADSR.uexp" 1606
"../../../Engine/Plugins/Runtime/AudioWidgets/Content/AudioMaterialSlate/MI_AudioMaterialEnvelope_ADSR.uasset" 1607
"../../../Engine/Plugins/Runtime/AudioWidgets/Content/AudioMaterialSlate/MI_AudioMaterialEnvelope_ADSR.uexp" 1608
"../../../Engine/Plugins/Interchange/Assets/Content/Functions/MX_UsdPreviewSurface.uasset" 1609
"../../../Engine/Plugins/Interchange/Assets/Content/Functions/MX_UsdPreviewSurface.uexp" 1610
"../../../Engine/Plugins/Interchange/Assets/Content/Functions/MX_UniformEDF.uasset" 1611
"../../../Engine/Plugins/Interchange/Assets/Content/Functions/MX_UniformEDF.uexp" 1612
"../../../Engine/Plugins/Interchange/Assets/Content/Functions/MX_TranslucentBSDF.uasset" 1613
"../../../Engine/Plugins/Interchange/Assets/Content/Functions/MX_TranslucentBSDF.uexp" 1614
"../../../Engine/Plugins/Interchange/Assets/Content/Functions/MX_ThinFilmBSDF.uasset" 1615
"../../../Engine/Plugins/Interchange/Assets/Content/Functions/MX_ThinFilmBSDF.uexp" 1616
"../../../Engine/Plugins/Interchange/Assets/Content/Functions/MX_SurfaceUnlit.uasset" 1617
"../../../Engine/Plugins/Interchange/Assets/Content/Functions/MX_SurfaceUnlit.uexp" 1618
"../../../Engine/Plugins/Interchange/Assets/Content/Functions/MX_Surface.uasset" 1619
"../../../Engine/Plugins/Interchange/Assets/Content/Functions/MX_Surface.uexp" 1620
"../../../Engine/Plugins/Interchange/Assets/Content/Functions/MX_SubsurfaceBSDF.uasset" 1621
"../../../Engine/Plugins/Interchange/Assets/Content/Functions/MX_SubsurfaceBSDF.uexp" 1622
"../../../Engine/Plugins/Interchange/Assets/Content/Functions/MX_SheenBSDF.uasset" 1623
"../../../Engine/Plugins/Interchange/Assets/Content/Functions/MX_SheenBSDF.uexp" 1624
"../../../Engine/Plugins/Interchange/Assets/Content/Functions/MX_OrenNayarBSDF.uasset" 1625
"../../../Engine/Plugins/Interchange/Assets/Content/Functions/MX_OrenNayarBSDF.uexp" 1626
"../../../Engine/Plugins/Interchange/Assets/Content/Utilities/New_LUT.uasset" 1627
"../../../Engine/Plugins/Interchange/Assets/Content/Utilities/New_LUT.uexp" 1628
"../../../Engine/Content/Functions/Engine_MaterialFunctions03/Math/RemapValueRange.uasset" 1629
"../../../Engine/Content/Functions/Engine_MaterialFunctions03/Math/RemapValueRange.uexp" 1630
"../../../Engine/Plugins/Interchange/Assets/Content/Functions/MF_Iridescence.uasset" 1631
"../../../Engine/Plugins/Interchange/Assets/Content/Functions/MF_Iridescence.uexp" 1632
"../../../Engine/Plugins/Interchange/Assets/Content/Functions/MX_StandardSurface.uasset" 1633
"../../../Engine/Plugins/Interchange/Assets/Content/Functions/MX_StandardSurface.uexp" 1634
"../../../Engine/Plugins/Interchange/Assets/Content/Functions/MX_TransmissionSurface.uasset" 1635
"../../../Engine/Plugins/Interchange/Assets/Content/Functions/MX_TransmissionSurface.uexp" 1636
"../../../Engine/Plugins/Interchange/Assets/Content/Functions/MX_OpenPBR_Translucent.uasset" 1637
"../../../Engine/Plugins/Interchange/Assets/Content/Functions/MX_OpenPBR_Translucent.uexp" 1638
"../../../Engine/Plugins/Interchange/Assets/Content/Functions/MX_OpenPBR_Opaque.uasset" 1639
"../../../Engine/Plugins/Interchange/Assets/Content/Functions/MX_OpenPBR_Opaque.uexp" 1640
"../../../Engine/Plugins/Interchange/Assets/Content/Functions/MX_MeasuredEDF.uasset" 1641
"../../../Engine/Plugins/Interchange/Assets/Content/Functions/MX_MeasuredEDF.uexp" 1642
"../../../Engine/Plugins/Interchange/Assets/Content/Functions/MX_GeneralizedSchlickBSDF.uasset" 1643
"../../../Engine/Plugins/Interchange/Assets/Content/Functions/MX_GeneralizedSchlickBSDF.uexp" 1644
"../../../Engine/Plugins/Interchange/Assets/Content/Functions/MX_DielectricBSDF.uasset" 1645
"../../../Engine/Plugins/Interchange/Assets/Content/Functions/MX_DielectricBSDF.uexp" 1646
"../../../Engine/Plugins/Interchange/Assets/Content/Functions/MX_ConicalEDF.uasset" 1647
"../../../Engine/Plugins/Interchange/Assets/Content/Functions/MX_ConicalEDF.uexp" 1648
"../../../Engine/Plugins/Interchange/Assets/Content/Functions/MX_ConductorBSDF.uasset" 1649
"../../../Engine/Plugins/Interchange/Assets/Content/Functions/MX_ConductorBSDF.uexp" 1650
"../../../Engine/Plugins/Interchange/Assets/Content/Functions/MX_BurleyDiffuseBSDF.uasset" 1651
"../../../Engine/Plugins/Interchange/Assets/Content/Functions/MX_BurleyDiffuseBSDF.uexp" 1652
"../../../Engine/Plugins/Interchange/Assets/Content/Functions/MX_AnisotropicVDF.uasset" 1653
"../../../Engine/Plugins/Interchange/Assets/Content/Functions/MX_AnisotropicVDF.uexp" 1654
"../../../Engine/Plugins/Interchange/Assets/Content/Functions/MX_AbsorptionVDF.uasset" 1655
"../../../Engine/Plugins/Interchange/Assets/Content/Functions/MX_AbsorptionVDF.uexp" 1656
"../../../Engine/Plugins/Editor/SpeedTreeImporter/Content/SpeedTree9/game_wind_noise.ubulk" 1657
"../../../Engine/Plugins/Editor/SpeedTreeImporter/Content/SpeedTree9/game_wind_noise.uasset" 1658
"../../../Engine/Plugins/Editor/SpeedTreeImporter/Content/SpeedTree9/game_wind_noise.uexp" 1659
"../../../Engine/Plugins/Editor/SpeedTreeImporter/Content/SpeedTree9/UnpackDirection.uasset" 1660
"../../../Engine/Plugins/Editor/SpeedTreeImporter/Content/SpeedTree9/UnpackDirection.uexp" 1661
"../../../Engine/Content/Functions/Engine_MaterialFunctions02/ObjectLocalBounds.uasset" 1662
"../../../Engine/Content/Functions/Engine_MaterialFunctions02/ObjectLocalBounds.uexp" 1663
"../../../Engine/Content/Functions/Engine_MaterialFunctions02/UVs/BoundingBoxBased_0-1_UVW.uasset" 1664
"../../../Engine/Content/Functions/Engine_MaterialFunctions02/UVs/BoundingBoxBased_0-1_UVW.uexp" 1665
"../../../Engine/Plugins/Editor/SpeedTreeImporter/Content/SpeedTree9/UnpackInteger3.uasset" 1666
"../../../Engine/Plugins/Editor/SpeedTreeImporter/Content/SpeedTree9/UnpackInteger3.uexp" 1667
"../../../Engine/Plugins/Editor/SpeedTreeImporter/Content/SpeedTree9/SpeedTreeCameraFacing.uasset" 1668
"../../../Engine/Plugins/Editor/SpeedTreeImporter/Content/SpeedTree9/SpeedTreeCameraFacing.uexp" 1669
"../../../Engine/Content/Functions/Engine_MaterialFunctions02/WorldPositionOffset/ObjectScale.uasset" 1670
"../../../Engine/Content/Functions/Engine_MaterialFunctions02/WorldPositionOffset/ObjectScale.uexp" 1671
"../../../Engine/Content/Functions/Engine_MaterialFunctions02/SafeNormalize.uasset" 1672
"../../../Engine/Content/Functions/Engine_MaterialFunctions02/SafeNormalize.uexp" 1673
"../../../Engine/Plugins/Editor/SpeedTreeImporter/Content/SpeedTree9/SpeedTreeWindMotion.uasset" 1674
"../../../Engine/Plugins/Editor/SpeedTreeImporter/Content/SpeedTree9/SpeedTreeWindMotion.uexp" 1675
"../../../Engine/Plugins/Editor/SpeedTreeImporter/Content/SpeedTree9/SpeedTreeBranchMotion.uasset" 1676
"../../../Engine/Plugins/Editor/SpeedTreeImporter/Content/SpeedTree9/SpeedTreeBranchMotion.uexp" 1677
"../../../Engine/Plugins/Editor/SpeedTreeImporter/Content/SpeedTree9/SpeedTreeWind.uasset" 1678
"../../../Engine/Plugins/Editor/SpeedTreeImporter/Content/SpeedTree9/SpeedTreeWind.uexp" 1679
"../../../Engine/Plugins/Editor/SpeedTreeImporter/Content/SpeedTree9/EmptyNormal.uasset" 1680
"../../../Engine/Plugins/Editor/SpeedTreeImporter/Content/SpeedTree9/EmptyNormal.uexp" 1681
"../../../Engine/Plugins/Editor/SpeedTreeImporter/Content/SpeedTree9/Empty.uasset" 1682
"../../../Engine/Plugins/Editor/SpeedTreeImporter/Content/SpeedTree9/Empty.uexp" 1683
"../../../Engine/Plugins/Editor/SpeedTreeImporter/Content/SpeedTree9/SpeedTreeMaster.uasset" 1684
"../../../Engine/Plugins/Editor/SpeedTreeImporter/Content/SpeedTree9/SpeedTreeMaster.uexp" 1685
"../../../Engine/Plugins/Editor/SpeedTreeImporter/Content/SpeedTree9/SpeedTreeBillboard.uasset" 1686
"../../../Engine/Plugins/Editor/SpeedTreeImporter/Content/SpeedTree9/SpeedTreeBillboard.uexp" 1687
"../../../Engine/Plugins/Editor/SpeedTreeImporter/Content/SpeedTree9/SpeedTreeBillboardMaster.uasset" 1688
"../../../Engine/Plugins/Editor/SpeedTreeImporter/Content/SpeedTree9/SpeedTreeBillboardMaster.uexp" 1689
"../../../Engine/Plugins/Animation/ControlRig/Content/Controls/ControlRig_Wedge_solid.ubulk" 1690
"../../../Engine/Plugins/Animation/ControlRig/Content/Controls/ControlRig_Wedge_solid.uasset" 1691
"../../../Engine/Plugins/Animation/ControlRig/Content/Controls/ControlRig_Wedge_solid.uexp" 1692
"../../../Engine/Plugins/Animation/ControlRig/Content/Controls/ControlRig_Wedge_3mm.ubulk" 1693
"../../../Engine/Plugins/Animation/ControlRig/Content/Controls/ControlRig_Wedge_3mm.uasset" 1694
"../../../Engine/Plugins/Animation/ControlRig/Content/Controls/ControlRig_Wedge_3mm.uexp" 1695
"../../../Engine/Plugins/Animation/ControlRig/Content/Controls/ControlRig_Wedge_1mm.ubulk" 1696
"../../../Engine/Plugins/Animation/ControlRig/Content/Controls/ControlRig_Wedge_1mm.uasset" 1697
"../../../Engine/Plugins/Animation/ControlRig/Content/Controls/ControlRig_Wedge_1mm.uexp" 1698
"../../../Engine/Plugins/Animation/ControlRig/Content/Controls/ControlRig_Triangle_solid.ubulk" 1699
"../../../Engine/Plugins/Animation/ControlRig/Content/Controls/ControlRig_Triangle_solid.uasset" 1700
"../../../Engine/Plugins/Animation/ControlRig/Content/Controls/ControlRig_Triangle_solid.uexp" 1701
"../../../Engine/Plugins/Animation/ControlRig/Content/Controls/ControlRig_Triangle_3mm.ubulk" 1702
"../../../Engine/Plugins/Animation/ControlRig/Content/Controls/ControlRig_Triangle_3mm.uasset" 1703
"../../../Engine/Plugins/Animation/ControlRig/Content/Controls/ControlRig_Triangle_3mm.uexp" 1704
"../../../Engine/Plugins/Animation/ControlRig/Content/Controls/ControlRig_Triangle_1mm.ubulk" 1705
"../../../Engine/Plugins/Animation/ControlRig/Content/Controls/ControlRig_Triangle_1mm.uasset" 1706
"../../../Engine/Plugins/Animation/ControlRig/Content/Controls/ControlRig_Triangle_1mm.uexp" 1707
"../../../Engine/Plugins/Animation/ControlRig/Content/Controls/ControlRig_Star4_solid.ubulk" 1708
"../../../Engine/Plugins/Animation/ControlRig/Content/Controls/ControlRig_Star4_solid.uasset" 1709
"../../../Engine/Plugins/Animation/ControlRig/Content/Controls/ControlRig_Star4_solid.uexp" 1710
"../../../Engine/Plugins/Animation/ControlRig/Content/Controls/ControlRig_Star4_3mm.ubulk" 1711
"../../../Engine/Plugins/Animation/ControlRig/Content/Controls/ControlRig_Star4_3mm.uasset" 1712
"../../../Engine/Plugins/Animation/ControlRig/Content/Controls/ControlRig_Star4_3mm.uexp" 1713
"../../../Engine/Plugins/Animation/ControlRig/Content/Controls/ControlRig_Star4_1mm.ubulk" 1714
"../../../Engine/Plugins/Animation/ControlRig/Content/Controls/ControlRig_Star4_1mm.uasset" 1715
"../../../Engine/Plugins/Animation/ControlRig/Content/Controls/ControlRig_Star4_1mm.uexp" 1716
"../../../Engine/Plugins/Animation/ControlRig/Content/Controls/ControlRig_Square_solid.ubulk" 1717
"../../../Engine/Plugins/Animation/ControlRig/Content/Controls/ControlRig_Square_solid.uasset" 1718
"../../../Engine/Plugins/Animation/ControlRig/Content/Controls/ControlRig_Square_solid.uexp" 1719
"../../../Engine/Plugins/Animation/ControlRig/Content/Controls/ControlRig_Square_3mm.ubulk" 1720
"../../../Engine/Plugins/Animation/ControlRig/Content/Controls/ControlRig_Square_3mm.uasset" 1721
"../../../Engine/Plugins/Animation/ControlRig/Content/Controls/ControlRig_Square_3mm.uexp" 1722
"../../../Engine/Plugins/Animation/ControlRig/Content/Controls/ControlRig_Square_1mm.ubulk" 1723
"../../../Engine/Plugins/Animation/ControlRig/Content/Controls/ControlRig_Square_1mm.uasset" 1724
"../../../Engine/Plugins/Animation/ControlRig/Content/Controls/ControlRig_Square_1mm.uexp" 1725
"../../../Engine/Plugins/Animation/ControlRig/Content/Controls/ControlRig_Sphere_solid.ubulk" 1726
"../../../Engine/Plugins/Animation/ControlRig/Content/Controls/ControlRig_Sphere_solid.uasset" 1727
"../../../Engine/Plugins/Animation/ControlRig/Content/Controls/ControlRig_Sphere_solid.uexp" 1728
"../../../Engine/Plugins/Animation/ControlRig/Content/Controls/ControlRig_Sphere_3mm.ubulk" 1729
"../../../Engine/Plugins/Animation/ControlRig/Content/Controls/ControlRig_Sphere_3mm.uasset" 1730
"../../../Engine/Plugins/Animation/ControlRig/Content/Controls/ControlRig_Sphere_3mm.uexp" 1731
"../../../Engine/Plugins/Animation/ControlRig/Content/Controls/ControlRig_Sphere_1mm.ubulk" 1732
"../../../Engine/Plugins/Animation/ControlRig/Content/Controls/ControlRig_Sphere_1mm.uasset" 1733
"../../../Engine/Plugins/Animation/ControlRig/Content/Controls/ControlRig_Sphere_1mm.uexp" 1734
"../../../Engine/Plugins/Animation/ControlRig/Content/Controls/ControlRig_RoundedTriangle_solid.ubulk" 1735
"../../../Engine/Plugins/Animation/ControlRig/Content/Controls/ControlRig_RoundedTriangle_solid.uasset" 1736
"../../../Engine/Plugins/Animation/ControlRig/Content/Controls/ControlRig_RoundedTriangle_solid.uexp" 1737
"../../../Engine/Plugins/Animation/ControlRig/Content/Controls/ControlRig_RoundedTriangle_3mm.ubulk" 1738
"../../../Engine/Plugins/Animation/ControlRig/Content/Controls/ControlRig_RoundedTriangle_3mm.uasset" 1739
"../../../Engine/Plugins/Animation/ControlRig/Content/Controls/ControlRig_RoundedTriangle_3mm.uexp" 1740
"../../../Engine/Plugins/Animation/ControlRig/Content/Controls/ControlRig_RoundedTriangle_1mm.ubulk" 1741
"../../../Engine/Plugins/Animation/ControlRig/Content/Controls/ControlRig_RoundedTriangle_1mm.uasset" 1742
"../../../Engine/Plugins/Animation/ControlRig/Content/Controls/ControlRig_RoundedTriangle_1mm.uexp" 1743
"../../../Engine/Plugins/Animation/ControlRig/Content/Controls/ControlRig_RoundedSquare_solid.ubulk" 1744
"../../../Engine/Plugins/Animation/ControlRig/Content/Controls/ControlRig_RoundedSquare_solid.uasset" 1745
"../../../Engine/Plugins/Animation/ControlRig/Content/Controls/ControlRig_RoundedSquare_solid.uexp" 1746
"../../../Engine/Plugins/Animation/ControlRig/Content/Controls/ControlRig_RoundedSquare_3mm.ubulk" 1747
"../../../Engine/Plugins/Animation/ControlRig/Content/Controls/ControlRig_RoundedSquare_3mm.uasset" 1748
"../../../Engine/Plugins/Animation/ControlRig/Content/Controls/ControlRig_RoundedSquare_3mm.uexp" 1749
"../../../Engine/Plugins/Animation/ControlRig/Content/Controls/ControlRig_RoundedSquare_1mm.ubulk" 1750
"../../../Engine/Plugins/Animation/ControlRig/Content/Controls/ControlRig_RoundedSquare_1mm.uasset" 1751
"../../../Engine/Plugins/Animation/ControlRig/Content/Controls/ControlRig_RoundedSquare_1mm.uexp" 1752
"../../../Engine/Plugins/Animation/ControlRig/Content/Controls/ControlRig_QuarterCircle_solid.ubulk" 1753
"../../../Engine/Plugins/Animation/ControlRig/Content/Controls/ControlRig_QuarterCircle_solid.uasset" 1754
"../../../Engine/Plugins/Animation/ControlRig/Content/Controls/ControlRig_QuarterCircle_solid.uexp" 1755
"../../../Engine/Plugins/Animation/ControlRig/Content/Controls/ControlRig_QuarterCircle_3mm.ubulk" 1756
"../../../Engine/Plugins/Animation/ControlRig/Content/Controls/ControlRig_QuarterCircle_3mm.uasset" 1757
"../../../Engine/Plugins/Animation/ControlRig/Content/Controls/ControlRig_QuarterCircle_3mm.uexp" 1758
"../../../Engine/Plugins/Animation/ControlRig/Content/Controls/ControlRig_QuarterCircle_1mm.ubulk" 1759
"../../../Engine/Plugins/Animation/ControlRig/Content/Controls/ControlRig_QuarterCircle_1mm.uasset" 1760
"../../../Engine/Plugins/Animation/ControlRig/Content/Controls/ControlRig_QuarterCircle_1mm.uexp" 1761
"../../../Engine/Plugins/Animation/ControlRig/Content/Controls/ControlRig_Pyramid_solid.ubulk" 1762
"../../../Engine/Plugins/Animation/ControlRig/Content/Controls/ControlRig_Pyramid_solid.uasset" 1763
"../../../Engine/Plugins/Animation/ControlRig/Content/Controls/ControlRig_Pyramid_solid.uexp" 1764
"../../../Engine/Plugins/Animation/ControlRig/Content/Controls/ControlRig_Pyramid_3mm.ubulk" 1765
"../../../Engine/Plugins/Animation/ControlRig/Content/Controls/ControlRig_Pyramid_3mm.uasset" 1766
"../../../Engine/Plugins/Animation/ControlRig/Content/Controls/ControlRig_Pyramid_3mm.uexp" 1767
"../../../Engine/Plugins/Animation/ControlRig/Content/Controls/ControlRig_Pyramid_1mm.ubulk" 1768
"../../../Engine/Plugins/Animation/ControlRig/Content/Controls/ControlRig_Pyramid_1mm.uasset" 1769
"../../../Engine/Plugins/Animation/ControlRig/Content/Controls/ControlRig_Pyramid_1mm.uexp" 1770
"../../../Engine/Plugins/Animation/ControlRig/Content/Controls/ControlRig_Octagon_solid.ubulk" 1771
"../../../Engine/Plugins/Animation/ControlRig/Content/Controls/ControlRig_Octagon_solid.uasset" 1772
"../../../Engine/Plugins/Animation/ControlRig/Content/Controls/ControlRig_Octagon_solid.uexp" 1773
"../../../Engine/Plugins/Animation/ControlRig/Content/Controls/ControlRig_Octagon_3mm.ubulk" 1774
"../../../Engine/Plugins/Animation/ControlRig/Content/Controls/ControlRig_Octagon_3mm.uasset" 1775
"../../../Engine/Plugins/Animation/ControlRig/Content/Controls/ControlRig_Octagon_3mm.uexp" 1776
"../../../Engine/Plugins/Animation/ControlRig/Content/Controls/ControlRig_Octagon_1mm.ubulk" 1777
"../../../Engine/Plugins/Animation/ControlRig/Content/Controls/ControlRig_Octagon_1mm.uasset" 1778
"../../../Engine/Plugins/Animation/ControlRig/Content/Controls/ControlRig_Octagon_1mm.uexp" 1779
"../../../Engine/Plugins/Animation/ControlRig/Content/Controls/ControlRig_Hexagon_solid.ubulk" 1780
"../../../Engine/Plugins/Animation/ControlRig/Content/Controls/ControlRig_Hexagon_solid.uasset" 1781
"../../../Engine/Plugins/Animation/ControlRig/Content/Controls/ControlRig_Hexagon_solid.uexp" 1782
"../../../Engine/Plugins/Animation/ControlRig/Content/Controls/ControlRig_Hexagon_3mm.ubulk" 1783
"../../../Engine/Plugins/Animation/ControlRig/Content/Controls/ControlRig_Hexagon_3mm.uasset" 1784
"../../../Engine/Plugins/Animation/ControlRig/Content/Controls/ControlRig_Hexagon_3mm.uexp" 1785
"../../../Engine/Plugins/Animation/ControlRig/Content/Controls/ControlRig_Hexagon_1mm.ubulk" 1786
"../../../Engine/Plugins/Animation/ControlRig/Content/Controls/ControlRig_Hexagon_1mm.uasset" 1787
"../../../Engine/Plugins/Animation/ControlRig/Content/Controls/ControlRig_Hexagon_1mm.uexp" 1788
"../../../Engine/Plugins/Animation/ControlRig/Content/Controls/ControlRig_HalfCircle_solid.ubulk" 1789
"../../../Engine/Plugins/Animation/ControlRig/Content/Controls/ControlRig_HalfCircle_solid.uasset" 1790
"../../../Engine/Plugins/Animation/ControlRig/Content/Controls/ControlRig_HalfCircle_solid.uexp" 1791
"../../../Engine/Plugins/Animation/ControlRig/Content/Controls/ControlRig_HalfCircle_3mm.ubulk" 1792
"../../../Engine/Plugins/Animation/ControlRig/Content/Controls/ControlRig_HalfCircle_3mm.uasset" 1793
"../../../Engine/Plugins/Animation/ControlRig/Content/Controls/ControlRig_HalfCircle_3mm.uexp" 1794
"../../../Engine/Plugins/Animation/ControlRig/Content/Controls/ControlRig_HalfCircle_1mm.ubulk" 1795
"../../../Engine/Plugins/Animation/ControlRig/Content/Controls/ControlRig_HalfCircle_1mm.uasset" 1796
"../../../Engine/Plugins/Animation/ControlRig/Content/Controls/ControlRig_HalfCircle_1mm.uexp" 1797
"../../../Engine/Plugins/Animation/ControlRig/Content/Controls/ControlRig_Diamond_solid.ubulk" 1798
"../../../Engine/Plugins/Animation/ControlRig/Content/Controls/ControlRig_Diamond_solid.uasset" 1799
"../../../Engine/Plugins/Animation/ControlRig/Content/Controls/ControlRig_Diamond_solid.uexp" 1800
"../../../Engine/Plugins/Animation/ControlRig/Content/Controls/ControlRig_Diamond_3mm.ubulk" 1801
"../../../Engine/Plugins/Animation/ControlRig/Content/Controls/ControlRig_Diamond_3mm.uasset" 1802
"../../../Engine/Plugins/Animation/ControlRig/Content/Controls/ControlRig_Diamond_3mm.uexp" 1803
"../../../Engine/Plugins/Animation/ControlRig/Content/Controls/ControlRig_Diamond_1mm.ubulk" 1804
"../../../Engine/Plugins/Animation/ControlRig/Content/Controls/ControlRig_Diamond_1mm.uasset" 1805
"../../../Engine/Plugins/Animation/ControlRig/Content/Controls/ControlRig_Diamond_1mm.uexp" 1806
"../../../Engine/Plugins/Animation/ControlRig/Content/Controls/ControlRig_Circle_solid.ubulk" 1807
"../../../Engine/Plugins/Animation/ControlRig/Content/Controls/ControlRig_Circle_solid.uasset" 1808
"../../../Engine/Plugins/Animation/ControlRig/Content/Controls/ControlRig_Circle_solid.uexp" 1809
"../../../Engine/Plugins/Animation/ControlRig/Content/Controls/ControlRig_Circle_3mm.ubulk" 1810
"../../../Engine/Plugins/Animation/ControlRig/Content/Controls/ControlRig_Circle_3mm.uasset" 1811
"../../../Engine/Plugins/Animation/ControlRig/Content/Controls/ControlRig_Circle_3mm.uexp" 1812
"../../../Engine/Plugins/Animation/ControlRig/Content/Controls/ControlRig_Circle_1mm.ubulk" 1813
"../../../Engine/Plugins/Animation/ControlRig/Content/Controls/ControlRig_Circle_1mm.uasset" 1814
"../../../Engine/Plugins/Animation/ControlRig/Content/Controls/ControlRig_Circle_1mm.uexp" 1815
"../../../Engine/Plugins/Animation/ControlRig/Content/Controls/ControlRig_Box_solid.ubulk" 1816
"../../../Engine/Plugins/Animation/ControlRig/Content/Controls/ControlRig_Box_solid.uasset" 1817
"../../../Engine/Plugins/Animation/ControlRig/Content/Controls/ControlRig_Box_solid.uexp" 1818
"../../../Engine/Plugins/Animation/ControlRig/Content/Controls/ControlRig_Box_3mm.ubulk" 1819
"../../../Engine/Plugins/Animation/ControlRig/Content/Controls/ControlRig_Box_3mm.uasset" 1820
"../../../Engine/Plugins/Animation/ControlRig/Content/Controls/ControlRig_Box_3mm.uexp" 1821
"../../../Engine/Plugins/Animation/ControlRig/Content/Controls/ControlRig_Box_1mm.ubulk" 1822
"../../../Engine/Plugins/Animation/ControlRig/Content/Controls/ControlRig_Box_1mm.uasset" 1823
"../../../Engine/Plugins/Animation/ControlRig/Content/Controls/ControlRig_Box_1mm.uexp" 1824
"../../../Engine/Plugins/Animation/ControlRig/Content/Controls/ControlRig_Arrow_solid.ubulk" 1825
"../../../Engine/Plugins/Animation/ControlRig/Content/Controls/ControlRig_Arrow_solid.uasset" 1826
"../../../Engine/Plugins/Animation/ControlRig/Content/Controls/ControlRig_Arrow_solid.uexp" 1827
"../../../Engine/Plugins/Animation/ControlRig/Content/Controls/ControlRig_Arrow_3mm.ubulk" 1828
"../../../Engine/Plugins/Animation/ControlRig/Content/Controls/ControlRig_Arrow_3mm.uasset" 1829
"../../../Engine/Plugins/Animation/ControlRig/Content/Controls/ControlRig_Arrow_3mm.uexp" 1830
"../../../Engine/Plugins/Animation/ControlRig/Content/Controls/ControlRig_Arrow_1mm.ubulk" 1831
"../../../Engine/Plugins/Animation/ControlRig/Content/Controls/ControlRig_Arrow_1mm.uasset" 1832
"../../../Engine/Plugins/Animation/ControlRig/Content/Controls/ControlRig_Arrow_1mm.uexp" 1833
"../../../Engine/Plugins/Animation/ControlRig/Content/Controls/ControlRig_Arrow4_solid.ubulk" 1834
"../../../Engine/Plugins/Animation/ControlRig/Content/Controls/ControlRig_Arrow4_solid.uasset" 1835
"../../../Engine/Plugins/Animation/ControlRig/Content/Controls/ControlRig_Arrow4_solid.uexp" 1836
"../../../Engine/Plugins/Animation/ControlRig/Content/Controls/ControlRig_Arrow4_3mm.ubulk" 1837
"../../../Engine/Plugins/Animation/ControlRig/Content/Controls/ControlRig_Arrow4_3mm.uasset" 1838
"../../../Engine/Plugins/Animation/ControlRig/Content/Controls/ControlRig_Arrow4_3mm.uexp" 1839
"../../../Engine/Plugins/Animation/ControlRig/Content/Controls/ControlRig_Arrow4_1mm.ubulk" 1840
"../../../Engine/Plugins/Animation/ControlRig/Content/Controls/ControlRig_Arrow4_1mm.uasset" 1841
"../../../Engine/Plugins/Animation/ControlRig/Content/Controls/ControlRig_Arrow4_1mm.uexp" 1842
"../../../Engine/Plugins/Animation/ControlRig/Content/Controls/ControlRig_Arrow2_solid.ubulk" 1843
"../../../Engine/Plugins/Animation/ControlRig/Content/Controls/ControlRig_Arrow2_solid.uasset" 1844
"../../../Engine/Plugins/Animation/ControlRig/Content/Controls/ControlRig_Arrow2_solid.uexp" 1845
"../../../Engine/Plugins/Animation/ControlRig/Content/Controls/ControlRig_Arrow2_3mm.ubulk" 1846
"../../../Engine/Plugins/Animation/ControlRig/Content/Controls/ControlRig_Arrow2_3mm.uasset" 1847
"../../../Engine/Plugins/Animation/ControlRig/Content/Controls/ControlRig_Arrow2_3mm.uexp" 1848
"../../../Engine/Plugins/Animation/ControlRig/Content/Controls/ControlRig_Arrow2_1mm.ubulk" 1849
"../../../Engine/Plugins/Animation/ControlRig/Content/Controls/ControlRig_Arrow2_1mm.uasset" 1850
"../../../Engine/Plugins/Animation/ControlRig/Content/Controls/ControlRig_Arrow2_1mm.uexp" 1851
"../../../Engine/Plugins/Animation/ControlRig/Content/Controls/ControlRigXRayMaterial.uasset" 1852
"../../../Engine/Plugins/Animation/ControlRig/Content/Controls/ControlRigXRayMaterial.uexp" 1853
"../../../Engine/Plugins/Animation/ControlRig/Content/Controls/ControlRigGizmoMaterial.uasset" 1854
"../../../Engine/Plugins/Animation/ControlRig/Content/Controls/ControlRigGizmoMaterial.uexp" 1855
"../../../Engine/Content/EngineSky/VolumetricClouds/T_CloudMask.ubulk" 1856
"../../../Engine/Content/EngineSky/VolumetricClouds/T_CloudMask.uasset" 1857
"../../../Engine/Content/EngineSky/VolumetricClouds/T_CloudMask.uexp" 1858
"../../../Engine/Content/EngineSky/VolumetricClouds/VT_Lightning.uasset" 1859
"../../../Engine/Content/EngineSky/VolumetricClouds/VT_Lightning.uexp" 1860
"../../../Engine/Content/EngineSky/VolumetricClouds/T_Profile_08.ubulk" 1861
"../../../Engine/Content/EngineSky/VolumetricClouds/T_Profile_08.uasset" 1862
"../../../Engine/Content/EngineSky/VolumetricClouds/T_Profile_08.uexp" 1863
"../../../Engine/Content/Functions/Engine_MaterialFunctions02/Utility/MakeFloat4.uasset" 1864
"../../../Engine/Content/Functions/Engine_MaterialFunctions02/Utility/MakeFloat4.uexp" 1865
"../../../Engine/Content/Functions/Engine_MaterialFunctions01/Units/Km-to-Cm.uasset" 1866
"../../../Engine/Content/Functions/Engine_MaterialFunctions01/Units/Km-to-Cm.uexp" 1867
"../../../Engine/Content/Functions/Engine_MaterialFunctions02/Utility/BreakOutFloat4Components.uasset" 1868
"../../../Engine/Content/Functions/Engine_MaterialFunctions02/Utility/BreakOutFloat4Components.uexp" 1869
"../../../Engine/Content/EngineSky/VolumetricClouds/T_CloudPattern.ubulk" 1870
"../../../Engine/Content/EngineSky/VolumetricClouds/T_CloudPattern.uasset" 1871
"../../../Engine/Content/EngineSky/VolumetricClouds/T_CloudPattern.uexp" 1872
"../../../Engine/Content/EngineSky/VolumetricClouds/VT_PerlinWorley_Balanced.uasset" 1873
"../../../Engine/Content/EngineSky/VolumetricClouds/VT_PerlinWorley_Balanced.uexp" 1874
"../../../Engine/Content/EngineSky/VolumetricClouds/m_SimpleVolumetricCloud.uasset" 1875
"../../../Engine/Content/EngineSky/VolumetricClouds/m_SimpleVolumetricCloud.uexp" 1876
"../../../Engine/Content/EngineSky/VolumetricClouds/m_SimpleVolumetricCloud_Inst.uasset" 1877
"../../../Engine/Content/EngineSky/VolumetricClouds/m_SimpleVolumetricCloud_Inst.uexp" 1878
"../../../Engine/Content/EditorMaterials/Camera/CineMat.uasset" 1879
"../../../Engine/Content/EditorMaterials/Camera/CineMat.uexp" 1880
"../../../Engine/Content/EditorMaterials/Camera/MI_CineMat_Rig.uasset" 1881
"../../../Engine/Content/EditorMaterials/Camera/MI_CineMat_Rig.uexp" 1882
"../../../Engine/Content/EditorMeshes/Camera/SM_RailRig_Track.ubulk" 1883
"../../../Engine/Content/EditorMeshes/Camera/SM_RailRig_Track.uasset" 1884
"../../../Engine/Content/EditorMeshes/Camera/SM_RailRig_Track.uexp" 1885
"../../../Engine/Content/EditorMeshes/Camera/SM_RailRig_Mount.ubulk" 1886
"../../../Engine/Content/EditorMeshes/Camera/SM_RailRig_Mount.uasset" 1887
"../../../Engine/Content/EditorMeshes/Camera/SM_RailRig_Mount.uexp" 1888
"../../../Engine/Content/EditorMeshes/Camera/SM_CraneRig_Mount.ubulk" 1889
"../../../Engine/Content/EditorMeshes/Camera/SM_CraneRig_Mount.uasset" 1890
"../../../Engine/Content/EditorMeshes/Camera/SM_CraneRig_Mount.uexp" 1891
"../../../Engine/Content/EditorMeshes/Camera/SM_CraneRig_Body.ubulk" 1892
"../../../Engine/Content/EditorMeshes/Camera/SM_CraneRig_Body.uasset" 1893
"../../../Engine/Content/EditorMeshes/Camera/SM_CraneRig_Body.uexp" 1894
"../../../Engine/Content/EditorMeshes/Camera/SM_CraneRig_Base.ubulk" 1895
"../../../Engine/Content/EditorMeshes/Camera/SM_CraneRig_Base.uasset" 1896
"../../../Engine/Content/EditorMeshes/Camera/SM_CraneRig_Base.uexp" 1897
"../../../Engine/Content/EditorMeshes/Camera/SM_CraneRig_Arm.ubulk" 1898
"../../../Engine/Content/EditorMeshes/Camera/SM_CraneRig_Arm.uasset" 1899
"../../../Engine/Content/EditorMeshes/Camera/SM_CraneRig_Arm.uexp" 1900
"../../../Engine/Content/EditorMaterials/Dataflow/DataflowVertexMaterial.uasset" 1901
"../../../Engine/Content/EditorMaterials/Dataflow/DataflowVertexMaterial.uexp" 1902
"../../../Engine/Content/EditorMaterials/Dataflow/DataflowTwoSidedVertexMaterial.uasset" 1903
"../../../Engine/Content/EditorMaterials/Dataflow/DataflowTwoSidedVertexMaterial.uexp" 1904
"../../../Engine/Plugins/Interchange/Assets/Content/gltf/Textures/T_White_srgb.uasset" 1905
"../../../Engine/Plugins/Interchange/Assets/Content/gltf/Textures/T_White_srgb.uexp" 1906
"../../../Engine/Plugins/Interchange/Assets/Content/gltf/MaterialFunctions/MF_BaseColor.uasset" 1907
"../../../Engine/Plugins/Interchange/Assets/Content/gltf/MaterialFunctions/MF_BaseColor.uexp" 1908
"../../../Engine/Plugins/Interchange/Assets/Content/gltf/MaterialFunctions/MF_RotateV2.uasset" 1909
"../../../Engine/Plugins/Interchange/Assets/Content/gltf/MaterialFunctions/MF_RotateV2.uexp" 1910
"../../../Engine/Plugins/Interchange/Assets/Content/gltf/MaterialFunctions/MF_TransformUVs.uasset" 1911
"../../../Engine/Plugins/Interchange/Assets/Content/gltf/MaterialFunctions/MF_TransformUVs.uexp" 1912
"../../../Engine/Plugins/Interchange/Assets/Content/gltf/MaterialBodies/MF_Unlit_Body.uasset" 1913
"../../../Engine/Plugins/Interchange/Assets/Content/gltf/MaterialBodies/MF_Unlit_Body.uexp" 1914
"../../../Engine/Plugins/Interchange/Assets/Content/gltf/M_Unlit.uasset" 1915
"../../../Engine/Plugins/Interchange/Assets/Content/gltf/M_Unlit.uexp" 1916
"../../../Engine/Plugins/Interchange/Assets/Content/gltf/MaterialInstances/MI_Unlit_Opaque_DS.uasset" 1917
"../../../Engine/Plugins/Interchange/Assets/Content/gltf/MaterialInstances/MI_Unlit_Opaque_DS.uexp" 1918
"../../../Engine/Plugins/Interchange/Assets/Content/gltf/MaterialInstances/MI_Unlit_Opaque.uasset" 1919
"../../../Engine/Plugins/Interchange/Assets/Content/gltf/MaterialInstances/MI_Unlit_Opaque.uexp" 1920
"../../../Engine/Plugins/Interchange/Assets/Content/gltf/MaterialInstances/MI_Unlit_Mask_DS.uasset" 1921
"../../../Engine/Plugins/Interchange/Assets/Content/gltf/MaterialInstances/MI_Unlit_Mask_DS.uexp" 1922
"../../../Engine/Plugins/Interchange/Assets/Content/gltf/MaterialInstances/MI_Unlit_Mask.uasset" 1923
"../../../Engine/Plugins/Interchange/Assets/Content/gltf/MaterialInstances/MI_Unlit_Mask.uexp" 1924
"../../../Engine/Plugins/Interchange/Assets/Content/gltf/MaterialInstances/MI_Unlit_Blend_DS.uasset" 1925
"../../../Engine/Plugins/Interchange/Assets/Content/gltf/MaterialInstances/MI_Unlit_Blend_DS.uexp" 1926
"../../../Engine/Plugins/Interchange/Assets/Content/gltf/MaterialInstances/MI_Unlit_Blend.uasset" 1927
"../../../Engine/Plugins/Interchange/Assets/Content/gltf/MaterialInstances/MI_Unlit_Blend.uexp" 1928
"../../../Engine/Content/Functions/Engine_MaterialFunctions02/Math/Transform3x3Matrix.uasset" 1929
"../../../Engine/Content/Functions/Engine_MaterialFunctions02/Math/Transform3x3Matrix.uexp" 1930
"../../../Engine/Content/EngineMaterials/Good64x64TilingNoiseHighFreq.uasset" 1931
"../../../Engine/Content/EngineMaterials/Good64x64TilingNoiseHighFreq.uexp" 1932
"../../../Engine/Content/Functions/Engine_MaterialFunctions02/Texturing/ScreenAlignedPixelToPixelUVs.uasset" 1933
"../../../Engine/Content/Functions/Engine_MaterialFunctions02/Texturing/ScreenAlignedPixelToPixelUVs.uexp" 1934
"../../../Engine/Plugins/Interchange/Assets/Content/gltf/MaterialFunctions/MF_Temporal_Blur.uasset" 1935
"../../../Engine/Plugins/Interchange/Assets/Content/gltf/MaterialFunctions/MF_Temporal_Blur.uexp" 1936
"../../../Engine/Plugins/Interchange/Assets/Content/gltf/MaterialFunctions/MF_Specular.uasset" 1937
"../../../Engine/Plugins/Interchange/Assets/Content/gltf/MaterialFunctions/MF_Specular.uexp" 1938
"../../../Engine/Plugins/Interchange/Assets/Content/gltf/Textures/T_Anisotropy_Direction_Linear.uasset" 1939
"../../../Engine/Plugins/Interchange/Assets/Content/gltf/Textures/T_Anisotropy_Direction_Linear.uexp" 1940
"../../../Engine/Plugins/Interchange/Assets/Content/gltf/MaterialFunctions/MF_SpecularAnisotropy.uasset" 1941
"../../../Engine/Plugins/Interchange/Assets/Content/gltf/MaterialFunctions/MF_SpecularAnisotropy.uexp" 1942
"../../../Engine/Plugins/Interchange/Assets/Content/gltf/Textures/T_White_Linear.uasset" 1943
"../../../Engine/Plugins/Interchange/Assets/Content/gltf/Textures/T_White_Linear.uexp" 1944
"../../../Engine/Plugins/Interchange/Assets/Content/gltf/MaterialFunctions/MF_MetallicRoughness.uasset" 1945
"../../../Engine/Plugins/Interchange/Assets/Content/gltf/MaterialFunctions/MF_MetallicRoughness.uexp" 1946
"../../../Engine/Plugins/Interchange/Assets/Content/gltf/Textures/T_Generic_N.uasset" 1947
"../../../Engine/Plugins/Interchange/Assets/Content/gltf/Textures/T_Generic_N.uexp" 1948
"../../../Engine/Plugins/Interchange/Assets/Content/gltf/MaterialFunctions/MF_ScaleNormal.uasset" 1949
"../../../Engine/Plugins/Interchange/Assets/Content/gltf/MaterialFunctions/MF_ScaleNormal.uexp" 1950
"../../../Engine/Plugins/Interchange/Assets/Content/gltf/MaterialFunctions/MF_Fresnel_DS.uasset" 1951
"../../../Engine/Plugins/Interchange/Assets/Content/gltf/MaterialFunctions/MF_Fresnel_DS.uexp" 1952
"../../../Engine/Plugins/Interchange/Assets/Content/gltf/MaterialFunctions/MF_Iridescence.uasset" 1953
"../../../Engine/Plugins/Interchange/Assets/Content/gltf/MaterialFunctions/MF_Iridescence.uexp" 1954
"../../../Engine/Plugins/Interchange/Assets/Content/gltf/MaterialFunctions/MF_Occlusion.uasset" 1955
"../../../Engine/Plugins/Interchange/Assets/Content/gltf/MaterialFunctions/MF_Occlusion.uexp" 1956
"../../../Engine/Plugins/Interchange/Assets/Content/gltf/MaterialFunctions/MF_IOR.uasset" 1957
"../../../Engine/Plugins/Interchange/Assets/Content/gltf/MaterialFunctions/MF_IOR.uexp" 1958
"../../../Engine/Plugins/Interchange/Assets/Content/gltf/MaterialFunctions/MF_Transmission.uasset" 1959
"../../../Engine/Plugins/Interchange/Assets/Content/gltf/MaterialFunctions/MF_Transmission.uexp" 1960
"../../../Engine/Plugins/Interchange/Assets/Content/gltf/MaterialFunctions/MF_RotateNormals_TS.uasset" 1961
"../../../Engine/Plugins/Interchange/Assets/Content/gltf/MaterialFunctions/MF_RotateNormals_TS.uexp" 1962
"../../../Engine/Plugins/Interchange/Assets/Content/gltf/MaterialFunctions/MF_Normals.uasset" 1963
"../../../Engine/Plugins/Interchange/Assets/Content/gltf/MaterialFunctions/MF_Normals.uexp" 1964
"../../../Engine/Plugins/Interchange/Assets/Content/gltf/MaterialBodies/MF_Transmission_Body.uasset" 1965
"../../../Engine/Plugins/Interchange/Assets/Content/gltf/MaterialBodies/MF_Transmission_Body.uexp" 1966
"../../../Engine/Plugins/Interchange/Assets/Content/gltf/M_Transmission.uasset" 1967
"../../../Engine/Plugins/Interchange/Assets/Content/gltf/M_Transmission.uexp" 1968
"../../../Engine/Plugins/Interchange/Assets/Content/gltf/MaterialInstances/MI_Transmission_DS.uasset" 1969
"../../../Engine/Plugins/Interchange/Assets/Content/gltf/MaterialInstances/MI_Transmission_DS.uexp" 1970
"../../../Engine/Plugins/Interchange/Assets/Content/gltf/MaterialInstances/MI_Transmission.uasset" 1971
"../../../Engine/Plugins/Interchange/Assets/Content/gltf/MaterialInstances/MI_Transmission.uexp" 1972
"../../../Engine/Content/Functions/Engine_MaterialFunctions02/Math/AddComponents.uasset" 1973
"../../../Engine/Content/Functions/Engine_MaterialFunctions02/Math/AddComponents.uexp" 1974
"../../../Engine/Plugins/Interchange/Assets/Content/gltf/MaterialFunctions/MF_DiffuseSpecGloss.uasset" 1975
"../../../Engine/Plugins/Interchange/Assets/Content/gltf/MaterialFunctions/MF_DiffuseSpecGloss.uexp" 1976
"../../../Engine/Plugins/Interchange/Assets/Content/gltf/MaterialFunctions/MF_Emissive.uasset" 1977
"../../../Engine/Plugins/Interchange/Assets/Content/gltf/MaterialFunctions/MF_Emissive.uexp" 1978
"../../../Engine/Plugins/Interchange/Assets/Content/gltf/MaterialFunctions/MF_PerceivedBrightness.uasset" 1979
"../../../Engine/Plugins/Interchange/Assets/Content/gltf/MaterialFunctions/MF_PerceivedBrightness.uexp" 1980
"../../../Engine/Plugins/Interchange/Assets/Content/gltf/MaterialFunctions/MF_SpecGlossToMetalRoughness.uasset" 1981
"../../../Engine/Plugins/Interchange/Assets/Content/gltf/MaterialFunctions/MF_SpecGlossToMetalRoughness.uexp" 1982
"../../../Engine/Plugins/Interchange/Assets/Content/gltf/MaterialFunctions/MF_MaxComponentValue.uasset" 1983
"../../../Engine/Plugins/Interchange/Assets/Content/gltf/MaterialFunctions/MF_MaxComponentValue.uexp" 1984
"../../../Engine/Plugins/Interchange/Assets/Content/gltf/MaterialBodies/MF_SpecularGlossiness_Body.uasset" 1985
"../../../Engine/Plugins/Interchange/Assets/Content/gltf/MaterialBodies/MF_SpecularGlossiness_Body.uexp" 1986
"../../../Engine/Plugins/Interchange/Assets/Content/gltf/M_SpecularGlossiness.uasset" 1987
"../../../Engine/Plugins/Interchange/Assets/Content/gltf/M_SpecularGlossiness.uexp" 1988
"../../../Engine/Plugins/Interchange/Assets/Content/gltf/MaterialInstances/MI_SpecularGlossiness_Opaque_DS.uasset" 1989
"../../../Engine/Plugins/Interchange/Assets/Content/gltf/MaterialInstances/MI_SpecularGlossiness_Opaque_DS.uexp" 1990
"../../../Engine/Plugins/Interchange/Assets/Content/gltf/MaterialInstances/MI_SpecularGlossiness_Opaque.uasset" 1991
"../../../Engine/Plugins/Interchange/Assets/Content/gltf/MaterialInstances/MI_SpecularGlossiness_Opaque.uexp" 1992
"../../../Engine/Plugins/Interchange/Assets/Content/gltf/MaterialInstances/MI_SpecularGlossiness_Mask_DS.uasset" 1993
"../../../Engine/Plugins/Interchange/Assets/Content/gltf/MaterialInstances/MI_SpecularGlossiness_Mask_DS.uexp" 1994
"../../../Engine/Plugins/Interchange/Assets/Content/gltf/MaterialInstances/MI_SpecularGlossiness_Mask.uasset" 1995
"../../../Engine/Plugins/Interchange/Assets/Content/gltf/MaterialInstances/MI_SpecularGlossiness_Mask.uexp" 1996
"../../../Engine/Plugins/Interchange/Assets/Content/gltf/MaterialInstances/MI_SpecularGlossiness_Blend_DS.uasset" 1997
"../../../Engine/Plugins/Interchange/Assets/Content/gltf/MaterialInstances/MI_SpecularGlossiness_Blend_DS.uexp" 1998
"../../../Engine/Plugins/Interchange/Assets/Content/gltf/MaterialInstances/MI_SpecularGlossiness_Blend.uasset" 1999
"../../../Engine/Plugins/Interchange/Assets/Content/gltf/MaterialInstances/MI_SpecularGlossiness_Blend.uexp" 2000
"../../../Engine/Plugins/Interchange/Assets/Content/gltf/MaterialFunctions/MF_Sheen.uasset" 2001
"../../../Engine/Plugins/Interchange/Assets/Content/gltf/MaterialFunctions/MF_Sheen.uexp" 2002
"../../../Engine/Plugins/Interchange/Assets/Content/gltf/MaterialBodies/MF_Sheen_Body.uasset" 2003
"../../../Engine/Plugins/Interchange/Assets/Content/gltf/MaterialBodies/MF_Sheen_Body.uexp" 2004
"../../../Engine/Plugins/Interchange/Assets/Content/gltf/M_Sheen.uasset" 2005
"../../../Engine/Plugins/Interchange/Assets/Content/gltf/M_Sheen.uexp" 2006
"../../../Engine/Plugins/Interchange/Assets/Content/gltf/MaterialInstances/MI_Sheen_Opaque_DS.uasset" 2007
"../../../Engine/Plugins/Interchange/Assets/Content/gltf/MaterialInstances/MI_Sheen_Opaque_DS.uexp" 2008
"../../../Engine/Plugins/Interchange/Assets/Content/gltf/MaterialInstances/MI_Sheen_Opaque.uasset" 2009
"../../../Engine/Plugins/Interchange/Assets/Content/gltf/MaterialInstances/MI_Sheen_Opaque.uexp" 2010
"../../../Engine/Plugins/Interchange/Assets/Content/gltf/MaterialInstances/MI_Sheen_Mask_DS.uasset" 2011
"../../../Engine/Plugins/Interchange/Assets/Content/gltf/MaterialInstances/MI_Sheen_Mask_DS.uexp" 2012
"../../../Engine/Plugins/Interchange/Assets/Content/gltf/MaterialInstances/MI_Sheen_Mask.uasset" 2013
"../../../Engine/Plugins/Interchange/Assets/Content/gltf/MaterialInstances/MI_Sheen_Mask.uexp" 2014
"../../../Engine/Plugins/Interchange/Assets/Content/gltf/MaterialInstances/MI_Sheen_Blend_DS.uasset" 2015
"../../../Engine/Plugins/Interchange/Assets/Content/gltf/MaterialInstances/MI_Sheen_Blend_DS.uexp" 2016
"../../../Engine/Plugins/Interchange/Assets/Content/gltf/MaterialInstances/MI_Sheen_Blend.uasset" 2017
"../../../Engine/Plugins/Interchange/Assets/Content/gltf/MaterialInstances/MI_Sheen_Blend.uexp" 2018
"../../../Engine/Plugins/Interchange/Assets/Content/gltf/MaterialBodies/MF_Default_Body.uasset" 2019
"../../../Engine/Plugins/Interchange/Assets/Content/gltf/MaterialBodies/MF_Default_Body.uexp" 2020
"../../../Engine/Plugins/Interchange/Assets/Content/gltf/M_Default.uasset" 2021
"../../../Engine/Plugins/Interchange/Assets/Content/gltf/M_Default.uexp" 2022
"../../../Engine/Plugins/Interchange/Assets/Content/gltf/MaterialInstances/MI_Default_Opaque_DS.uasset" 2023
"../../../Engine/Plugins/Interchange/Assets/Content/gltf/MaterialInstances/MI_Default_Opaque_DS.uexp" 2024
"../../../Engine/Plugins/Interchange/Assets/Content/gltf/MaterialInstances/MI_Default_Opaque.uasset" 2025
"../../../Engine/Plugins/Interchange/Assets/Content/gltf/MaterialInstances/MI_Default_Opaque.uexp" 2026
"../../../Engine/Plugins/Interchange/Assets/Content/gltf/MaterialInstances/MI_Default_Mask_DS.uasset" 2027
"../../../Engine/Plugins/Interchange/Assets/Content/gltf/MaterialInstances/MI_Default_Mask_DS.uexp" 2028
"../../../Engine/Plugins/Interchange/Assets/Content/gltf/MaterialInstances/MI_Default_Mask.uasset" 2029
"../../../Engine/Plugins/Interchange/Assets/Content/gltf/MaterialInstances/MI_Default_Mask.uexp" 2030
"../../../Engine/Plugins/Interchange/Assets/Content/gltf/MaterialInstances/MI_Default_Blend_DS.uasset" 2031
"../../../Engine/Plugins/Interchange/Assets/Content/gltf/MaterialInstances/MI_Default_Blend_DS.uexp" 2032
"../../../Engine/Plugins/Interchange/Assets/Content/gltf/MaterialInstances/MI_Default_Blend.uasset" 2033
"../../../Engine/Plugins/Interchange/Assets/Content/gltf/MaterialInstances/MI_Default_Blend.uexp" 2034
"../../../Engine/Content/Functions/Engine_MaterialFunctions01/Texturing/FlattenNormal.uasset" 2035
"../../../Engine/Content/Functions/Engine_MaterialFunctions01/Texturing/FlattenNormal.uexp" 2036
"../../../Engine/Plugins/Interchange/Assets/Content/gltf/MaterialFunctions/MF_Clearcoat.uasset" 2037
"../../../Engine/Plugins/Interchange/Assets/Content/gltf/MaterialFunctions/MF_Clearcoat.uexp" 2038
"../../../Engine/Plugins/Interchange/Assets/Content/gltf/MaterialBodies/MF_ClearCoat_Body.uasset" 2039
"../../../Engine/Plugins/Interchange/Assets/Content/gltf/MaterialBodies/MF_ClearCoat_Body.uexp" 2040
"../../../Engine/Plugins/Interchange/Assets/Content/gltf/M_ClearCoat.uasset" 2041
"../../../Engine/Plugins/Interchange/Assets/Content/gltf/M_ClearCoat.uexp" 2042
"../../../Engine/Plugins/Interchange/Assets/Content/gltf/MaterialInstances/MI_ClearCoat_Opaque_DS.uasset" 2043
"../../../Engine/Plugins/Interchange/Assets/Content/gltf/MaterialInstances/MI_ClearCoat_Opaque_DS.uexp" 2044
"../../../Engine/Plugins/Interchange/Assets/Content/gltf/MaterialInstances/MI_ClearCoat_Opaque.uasset" 2045
"../../../Engine/Plugins/Interchange/Assets/Content/gltf/MaterialInstances/MI_ClearCoat_Opaque.uexp" 2046
"../../../Engine/Plugins/Interchange/Assets/Content/gltf/MaterialInstances/MI_ClearCoat_Mask_DS.uasset" 2047
"../../../Engine/Plugins/Interchange/Assets/Content/gltf/MaterialInstances/MI_ClearCoat_Mask_DS.uexp" 2048
"../../../Engine/Plugins/Interchange/Assets/Content/gltf/MaterialInstances/MI_ClearCoat_Mask.uasset" 2049
"../../../Engine/Plugins/Interchange/Assets/Content/gltf/MaterialInstances/MI_ClearCoat_Mask.uexp" 2050
"../../../Engine/Plugins/Interchange/Assets/Content/gltf/MaterialInstances/MI_ClearCoat_Blend_DS.uasset" 2051
"../../../Engine/Plugins/Interchange/Assets/Content/gltf/MaterialInstances/MI_ClearCoat_Blend_DS.uexp" 2052
"../../../Engine/Plugins/Interchange/Assets/Content/gltf/MaterialInstances/MI_ClearCoat_Blend.uasset" 2053
"../../../Engine/Plugins/Interchange/Assets/Content/gltf/MaterialInstances/MI_ClearCoat_Blend.uexp" 2054
"../../../Engine/Content/VREditor/TransformGizmo/Main.uasset" 2055
"../../../Engine/Content/VREditor/TransformGizmo/Main.uexp" 2056
"../../../Engine/Content/VREditor/TransformGizmo/Xray.uasset" 2057
"../../../Engine/Content/VREditor/TransformGizmo/Xray.uexp" 2058
"../../../Engine/Content/VREditor/TransformGizmo/SM_Sequencer_Node.ubulk" 2059
"../../../Engine/Content/VREditor/TransformGizmo/SM_Sequencer_Node.uasset" 2060
"../../../Engine/Content/VREditor/TransformGizmo/SM_Sequencer_Node.uexp" 2061
"../../../Engine/Content/VREditor/LaserPointer/VR_LaserPower_01.ubulk" 2062
"../../../Engine/Content/VREditor/LaserPointer/VR_LaserPower_01.uasset" 2063
"../../../Engine/Content/VREditor/LaserPointer/VR_LaserPower_01.uexp" 2064
"../../../Engine/Content/VREditor/TransformGizmo/TransformGizmoMaterial.uasset" 2065
"../../../Engine/Content/VREditor/TransformGizmo/TransformGizmoMaterial.uexp" 2066
"../../../Engine/Content/VREditor/TransformGizmo/TranslucentTransformGizmoMaterial.uasset" 2067
"../../../Engine/Content/VREditor/TransformGizmo/TranslucentTransformGizmoMaterial.uexp" 2068
"../../../Engine/Content/VREditor/TransformGizmo/BoundingBoxEdge.ubulk" 2069
"../../../Engine/Content/VREditor/TransformGizmo/BoundingBoxEdge.uasset" 2070
"../../../Engine/Content/VREditor/TransformGizmo/BoundingBoxEdge.uexp" 2071
"../../../Engine/Content/VREditor/TransformGizmo/BoundingBoxCorner.ubulk" 2072
"../../../Engine/Content/VREditor/TransformGizmo/BoundingBoxCorner.uasset" 2073
"../../../Engine/Content/VREditor/TransformGizmo/BoundingBoxCorner.uexp" 2074
"../../../Engine/Content/Functions/Engine_MaterialFunctions01/Shading/PowerToRoughness.uasset" 2075
"../../../Engine/Content/Functions/Engine_MaterialFunctions01/Shading/PowerToRoughness.uexp" 2076
"../../../Engine/Content/Functions/Engine_MaterialFunctions01/Shading/ConvertFromDiffSpec.uasset" 2077
"../../../Engine/Content/Functions/Engine_MaterialFunctions01/Shading/ConvertFromDiffSpec.uexp" 2078
"../../../Engine/Content/EngineMaterials/Substrate/Volume/SubstrateSimpleVolumeLUT3D.uasset" 2079
"../../../Engine/Content/EngineMaterials/Substrate/Volume/SubstrateSimpleVolumeLUT3D.uexp" 2080
"../../../Engine/Content/EngineMaterials/Substrate/Volume/SubstrateSimpleVolumeEnvLUT3D.uasset" 2081
"../../../Engine/Content/EngineMaterials/Substrate/Volume/SubstrateSimpleVolumeEnvLUT3D.uexp" 2082
"../../../Engine/Content/EngineMaterials/Substrate/GLints2/AGlintTex2dArray2.uasset" 2083
"../../../Engine/Content/EngineMaterials/Substrate/GLints2/AGlintTex2dArray2.uexp" 2084
"../../../Engine/Content/EngineMaterials/Substrate/GLints/AGlintTex2dArray.uasset" 2085
"../../../Engine/Content/EngineMaterials/Substrate/GLints/AGlintTex2dArray.uexp" 2086
"../../../Engine/Content/ArtTools/RenderToTexture/Meshes/S_1_Unit_Plane.ubulk" 2087
"../../../Engine/Content/ArtTools/RenderToTexture/Meshes/S_1_Unit_Plane.uasset" 2088
"../../../Engine/Content/ArtTools/RenderToTexture/Meshes/S_1_Unit_Plane.uexp" 2089
"../../../Engine/Plugins/NNE/NNEDenoiser/Content/NNE_oidn2-3-0_rt_hdr_calb_cnrm_large__dyn__fp16_opset11_ForwardAlpha.uasset" 2090
"../../../Engine/Plugins/NNE/NNEDenoiser/Content/NNE_oidn2-3-0_rt_hdr_calb_cnrm_large__dyn__fp16_opset11_ForwardAlpha.uexp" 2091
"../../../Engine/Plugins/NNE/NNEDenoiser/Content/NNE_oidn2-3-0_rt_hdr_calb_cnrm_large__dyn__fp16_opset11_DenoiseAlpha.uasset" 2092
"../../../Engine/Plugins/NNE/NNEDenoiser/Content/NNE_oidn2-3-0_rt_hdr_calb_cnrm_large__dyn__fp16_opset11_DenoiseAlpha.uexp" 2093
"../../../Engine/Plugins/NNE/NNEDenoiser/Content/NNE_oidn2-3-0_rt_hdr_alb_nrm__dyn__fp16_opset11_ForwardAlpha.uasset" 2094
"../../../Engine/Plugins/NNE/NNEDenoiser/Content/NNE_oidn2-3-0_rt_hdr_alb_nrm__dyn__fp16_opset11_ForwardAlpha.uexp" 2095
"../../../Engine/Plugins/NNE/NNEDenoiser/Content/NNE_oidn2-3-0_rt_hdr_alb_nrm__dyn__fp16_opset11_DenoiseAlpha.uasset" 2096
"../../../Engine/Plugins/NNE/NNEDenoiser/Content/NNE_oidn2-3-0_rt_hdr_alb_nrm__dyn__fp16_opset11_DenoiseAlpha.uexp" 2097
"../../../Engine/Plugins/NNE/NNEDenoiser/Content/NNE_oidn2-3-0_rt_hdr_alb_nrm_small__dyn__fp16_opset11_ForwardAlpha.uasset" 2098
"../../../Engine/Plugins/NNE/NNEDenoiser/Content/NNE_oidn2-3-0_rt_hdr_alb_nrm_small__dyn__fp16_opset11_ForwardAlpha.uexp" 2099
"../../../Engine/Plugins/NNE/NNEDenoiser/Content/NNE_oidn2-3-0_rt_hdr_alb_nrm_small__dyn__fp16_opset11_DenoiseAlpha.uasset" 2100
"../../../Engine/Plugins/NNE/NNEDenoiser/Content/NNE_oidn2-3-0_rt_hdr_alb_nrm_small__dyn__fp16_opset11_DenoiseAlpha.uexp" 2101
"../../../Engine/Plugins/NNE/NNEDenoiser/Content/NNED_Oidn2-3_HighQuality_Alpha.uasset" 2102
"../../../Engine/Plugins/NNE/NNEDenoiser/Content/NNED_Oidn2-3_HighQuality_Alpha.uexp" 2103
"../../../Engine/Plugins/NNE/NNEDenoiser/Content/NNED_Oidn2-3_HighQuality.uasset" 2104
"../../../Engine/Plugins/NNE/NNEDenoiser/Content/NNED_Oidn2-3_HighQuality.uexp" 2105
"../../../Engine/Plugins/NNE/NNEDenoiser/Content/NNED_Oidn2-3_Fast_Alpha.uasset" 2106
"../../../Engine/Plugins/NNE/NNEDenoiser/Content/NNED_Oidn2-3_Fast_Alpha.uexp" 2107
"../../../Engine/Plugins/NNE/NNEDenoiser/Content/NNED_Oidn2-3_Fast.uasset" 2108
"../../../Engine/Plugins/NNE/NNEDenoiser/Content/NNED_Oidn2-3_Fast.uexp" 2109
"../../../Engine/Plugins/NNE/NNEDenoiser/Content/NNED_Oidn2-3_Balanced_Alpha.uasset" 2110
"../../../Engine/Plugins/NNE/NNEDenoiser/Content/NNED_Oidn2-3_Balanced_Alpha.uexp" 2111
"../../../Engine/Plugins/NNE/NNEDenoiser/Content/NNED_Oidn2-3_Balanced.uasset" 2112
"../../../Engine/Plugins/NNE/NNEDenoiser/Content/NNED_Oidn2-3_Balanced.uexp" 2113
"../../../Engine/Plugins/NNE/NNEDenoiser/Content/NNEDT_Oidn2-3_Balanced_Alpha.uasset" 2114
"../../../Engine/Plugins/NNE/NNEDenoiser/Content/NNEDT_Oidn2-3_Balanced_Alpha.uexp" 2115
"../../../Engine/Plugins/NNE/NNEDenoiser/Content/NNEDT_Oidn2-3_Balanced.uasset" 2116
"../../../Engine/Plugins/NNE/NNEDenoiser/Content/NNEDT_Oidn2-3_Balanced.uexp" 2117
"../../../Engine/Content/VREditor/TransformGizmo/StartRotationHandleIndicator.ubulk" 2118
"../../../Engine/Content/VREditor/TransformGizmo/StartRotationHandleIndicator.uasset" 2119
"../../../Engine/Content/VREditor/TransformGizmo/StartRotationHandleIndicator.uexp" 2120
"../../../Engine/Content/VREditor/Sounds/UI/Drop_Item_From_ContentBrowser.ubulk" 2121
"../../../Engine/Content/VREditor/Sounds/UI/Drop_Item_From_ContentBrowser.uasset" 2122
"../../../Engine/Content/VREditor/Sounds/UI/Drop_Item_From_ContentBrowser.uexp" 2123
"../../../Engine/Content/VREditor/TransformGizmo/PlaneTranslationHandle.ubulk" 2124
"../../../Engine/Content/VREditor/TransformGizmo/PlaneTranslationHandle.uasset" 2125
"../../../Engine/Content/VREditor/TransformGizmo/PlaneTranslationHandle.uexp" 2126
"../../../Engine/Content/VREditor/Sounds/UI/Object_Snaps_To_Grid.ubulk" 2127
"../../../Engine/Content/VREditor/Sounds/UI/Object_Snaps_To_Grid.uasset" 2128
"../../../Engine/Content/VREditor/Sounds/UI/Object_Snaps_To_Grid.uexp" 2129
"../../../Engine/Content/VREditor/Sounds/UI/Selection_Changes.ubulk" 2130
"../../../Engine/Content/VREditor/Sounds/UI/Selection_Changes.uasset" 2131
"../../../Engine/Content/VREditor/Sounds/UI/Selection_Changes.uexp" 2132
"../../../Engine/Content/VREditor/Sounds/UI/Object_Snaps_To_Another_Actor.ubulk" 2133
"../../../Engine/Content/VREditor/Sounds/UI/Object_Snaps_To_Another_Actor.uasset" 2134
"../../../Engine/Content/VREditor/Sounds/UI/Object_Snaps_To_Another_Actor.uexp" 2135
"../../../Engine/Content/VREditor/TransformGizmo/TranslucentTransformGizmoMaterial_Inst.uasset" 2136
"../../../Engine/Content/VREditor/TransformGizmo/TranslucentTransformGizmoMaterial_Inst.uexp" 2137
"../../../Engine/Content/VREditor/TransformGizmo/TransformGizmoFreeRotation.ubulk" 2138
"../../../Engine/Content/VREditor/TransformGizmo/TransformGizmoFreeRotation.uasset" 2139
"../../../Engine/Content/VREditor/TransformGizmo/TransformGizmoFreeRotation.uexp" 2140
"../../../Engine/Content/VREditor/Sounds/UI/Scaling_Down.ubulk" 2141
"../../../Engine/Content/VREditor/Sounds/UI/Scaling_Down.uasset" 2142
"../../../Engine/Content/VREditor/Sounds/UI/Scaling_Down.uexp" 2143
"../../../Engine/Content/Functions/Engine_MaterialFunctions02/SplitComponents.uasset" 2144
"../../../Engine/Content/Functions/Engine_MaterialFunctions02/SplitComponents.uexp" 2145
"../../../Engine/Content/VREditor/SnapGrid/SnapGridMaterial.uasset" 2146
"../../../Engine/Content/VREditor/SnapGrid/SnapGridMaterial.uexp" 2147
"../../../Engine/Content/VREditor/SnapGrid/SnapGridPlaneMesh.ubulk" 2148
"../../../Engine/Content/VREditor/SnapGrid/SnapGridPlaneMesh.uasset" 2149
"../../../Engine/Content/VREditor/SnapGrid/SnapGridPlaneMesh.uexp" 2150
"../../../Engine/Content/VREditor/Sounds/UI/Scaling_Up.ubulk" 2151
"../../../Engine/Content/VREditor/Sounds/UI/Scaling_Up.uasset" 2152
"../../../Engine/Content/VREditor/Sounds/UI/Scaling_Up.uexp" 2153
"../../../Engine/Content/VREditor/TransformGizmo/TransformGizmoMaterial_Inst.uasset" 2154
"../../../Engine/Content/VREditor/TransformGizmo/TransformGizmoMaterial_Inst.uexp" 2155
"../../../Engine/Content/VREditor/Sounds/UI/Gizmo_Handle_Clicked.ubulk" 2156
"../../../Engine/Content/VREditor/Sounds/UI/Gizmo_Handle_Clicked.uasset" 2157
"../../../Engine/Content/VREditor/Sounds/UI/Gizmo_Handle_Clicked.uexp" 2158
"../../../Engine/Content/VREditor/TransformGizmo/RotationHandleQuarter.ubulk" 2159
"../../../Engine/Content/VREditor/TransformGizmo/RotationHandleQuarter.uasset" 2160
"../../../Engine/Content/VREditor/TransformGizmo/RotationHandleQuarter.uexp" 2161
"../../../Engine/Content/VREditor/TransformGizmo/TranslateArrowHandle.ubulk" 2162
"../../../Engine/Content/VREditor/TransformGizmo/TranslateArrowHandle.uasset" 2163
"../../../Engine/Content/VREditor/TransformGizmo/TranslateArrowHandle.uexp" 2164
"../../../Engine/Content/VREditor/TransformGizmo/RotationHandleIndicator.ubulk" 2165
"../../../Engine/Content/VREditor/TransformGizmo/RotationHandleIndicator.uasset" 2166
"../../../Engine/Content/VREditor/TransformGizmo/RotationHandleIndicator.uexp" 2167
"../../../Engine/Content/VREditor/TransformGizmo/UniformScaleHandle.ubulk" 2168
"../../../Engine/Content/VREditor/TransformGizmo/UniformScaleHandle.uasset" 2169
"../../../Engine/Content/VREditor/TransformGizmo/UniformScaleHandle.uexp" 2170
"../../../Engine/Content/VREditor/TransformGizmo/RotationHandleFull.ubulk" 2171
"../../../Engine/Content/VREditor/TransformGizmo/RotationHandleFull.uasset" 2172
"../../../Engine/Content/VREditor/TransformGizmo/RotationHandleFull.uexp" 2173
"../../../Engine/Content/VREditor/Sounds/UI/Object_PickUp.ubulk" 2174
"../../../Engine/Content/VREditor/Sounds/UI/Object_PickUp.uasset" 2175
"../../../Engine/Content/VREditor/Sounds/UI/Object_PickUp.uexp" 2176
"../../../Engine/Content/EngineResources/LandscapeVisibilityLayerInfo.uasset" 2177
"../../../Engine/Content/EngineResources/LandscapeVisibilityLayerInfo.uexp" 2178
"../../../Engine/Plugins/Animation/DeformerGraph/Content/Deformers/DG_LinearBlendSkin_Morph_Cloth_RecomputeNormals.uasset" 2179
"../../../Engine/Plugins/Animation/DeformerGraph/Content/Deformers/DG_LinearBlendSkin_Morph_Cloth_RecomputeNormals.uexp" 2180
"../../../Engine/Plugins/Animation/DeformerGraph/Content/Deformers/DG_LinearBlendSkin_Morph_Cloth.uasset" 2181
"../../../Engine/Plugins/Animation/DeformerGraph/Content/Deformers/DG_LinearBlendSkin_Morph_Cloth.uexp" 2182
"../../../Engine/Plugins/Animation/DeformerGraph/Content/DeformerFunctions/DG_Function_LinearBlendSkin_Morph_Cloth_PositionOnly.uasset" 2183
"../../../Engine/Plugins/Animation/DeformerGraph/Content/DeformerFunctions/DG_Function_LinearBlendSkin_Morph_Cloth_PositionOnly.uexp" 2184
"../../../Engine/Plugins/Animation/DeformerGraph/Content/DeformerFunctions/DG_Function_LinearBlendSkin_Morph_Cloth.uasset" 2185
"../../../Engine/Plugins/Animation/DeformerGraph/Content/DeformerFunctions/DG_Function_LinearBlendSkin_Morph_Cloth.uexp" 2186
"../../../Engine/Plugins/Animation/DeformerGraph/Content/DeformerFunctions/DG_Function_ComputeNormalsTangents.uasset" 2187
"../../../Engine/Plugins/Animation/DeformerGraph/Content/DeformerFunctions/DG_Function_ComputeNormalsTangents.uexp" 2188
"../../../Engine/Content/Maps/Entry_BuiltData.uasset" 2189
"../../../Engine/Content/Maps/Entry_BuiltData.uexp" 2190
"../../../Engine/Content/Maps/Entry.uexp" 2191
"../../../Engine/Content/Maps/Entry.umap" 2192
"E:/Data/GithubData/GroupProject4/Team4Project/Content/Demo/ArtResource/Textures/Menu/MainMenu/T-ButtonQuitGame.uasset" 2193
"E:/Data/GithubData/GroupProject4/Team4Project/Content/Demo/ArtResource/Textures/Menu/MainMenu/T-ButtonQuitGame.uexp" 2194
"E:/Data/GithubData/GroupProject4/Team4Project/Content/Demo/ArtResource/Textures/Menu/MainMenu/T-Start.uasset" 2195
"E:/Data/GithubData/GroupProject4/Team4Project/Content/Demo/ArtResource/Textures/Menu/MainMenu/T-Start.uexp" 2196
"E:/Data/GithubData/GroupProject4/Team4Project/Content/Demo/ArtResource/Font/QIJIC.uexp" 2197
"E:/Data/GithubData/GroupProject4/Team4Project/Content/Demo/ArtResource/Font/QIJIC.uasset" 2198
"E:/Data/GithubData/GroupProject4/Team4Project/Content/Demo/ArtResource/Font/QIJIC.ufont" 2199
"E:/Data/GithubData/GroupProject4/Team4Project/Content/Demo/ArtResource/Font/QIJIC_Font.uasset" 2200
"E:/Data/GithubData/GroupProject4/Team4Project/Content/Demo/ArtResource/Font/QIJIC_Font.uexp" 2201
"E:/Data/GithubData/GroupProject4/Team4Project/Content/Demo/ArtResource/Textures/Menu/MainMenu/T-ButtonStartGame.uasset" 2202
"E:/Data/GithubData/GroupProject4/Team4Project/Content/Demo/ArtResource/Textures/Menu/MainMenu/T-ButtonStartGame.uexp" 2203
"E:/Data/GithubData/GroupProject4/Team4Project/Content/BluePrint/Core/Menu/Widget/WBP_DebugMainMenu.uasset" 2204
"E:/Data/GithubData/GroupProject4/Team4Project/Content/BluePrint/Core/Menu/Widget/WBP_DebugMainMenu.uexp" 2205
"E:/Data/GithubData/GroupProject4/Team4Project/Content/BluePrint/Core/Menu/BP_MainMenu.uasset" 2206
"E:/Data/GithubData/GroupProject4/Team4Project/Content/BluePrint/Core/Menu/BP_MainMenu.uexp" 2207
"E:/Data/GithubData/GroupProject4/Team4Project/Content/Demo/Map/L_MainMenu.uexp" 2208
"E:/Data/GithubData/GroupProject4/Team4Project/Content/Demo/Map/L_MainMenu.umap" 2209
"E:/Data/GithubData/GroupProject4/Team4Project/Content/Demo/ArtResource/Textures/Menu/LevelChoiceMenu/T-LvSelectLiver.uasset" 2210
"E:/Data/GithubData/GroupProject4/Team4Project/Content/Demo/ArtResource/Textures/Menu/LevelChoiceMenu/T-LvSelectLiver.uexp" 2211
"E:/Data/GithubData/GroupProject4/Team4Project/Content/Demo/ArtResource/Textures/Menu/SpecificLevelMenu/Card_Tower/T-CardTowerBG.uasset" 2212
"E:/Data/GithubData/GroupProject4/Team4Project/Content/Demo/ArtResource/Textures/Menu/SpecificLevelMenu/Card_Tower/T-CardTowerBG.uexp" 2213
"E:/Data/GithubData/GroupProject4/Team4Project/Content/Demo/ArtResource/Textures/Menu/SpecificLevelMenu/T-Buttonstart.uasset" 2214
"E:/Data/GithubData/GroupProject4/Team4Project/Content/Demo/ArtResource/Textures/Menu/SpecificLevelMenu/T-Buttonstart.uexp" 2215
"E:/Data/GithubData/GroupProject4/Team4Project/Content/Demo/ArtResource/Textures/Menu/SpecificLevelMenu/T-SelectMapCardEnemy.uasset" 2216
"E:/Data/GithubData/GroupProject4/Team4Project/Content/Demo/ArtResource/Textures/Menu/SpecificLevelMenu/T-SelectMapCardEnemy.uexp" 2217
"E:/Data/GithubData/GroupProject4/Team4Project/Content/Demo/ArtResource/Textures/Menu/SpecificLevelMenu/Card_Enemy/T-cardenemy.uasset" 2218
"E:/Data/GithubData/GroupProject4/Team4Project/Content/Demo/ArtResource/Textures/Menu/SpecificLevelMenu/Card_Enemy/T-cardenemy.uexp" 2219
"E:/Data/GithubData/GroupProject4/Team4Project/Content/Demo/ArtResource/Textures/Menu/SpecificLevelMenu/Card_Tower/qing.uasset" 2220
"E:/Data/GithubData/GroupProject4/Team4Project/Content/Demo/ArtResource/Textures/Menu/SpecificLevelMenu/Card_Tower/qing.uexp" 2221
"E:/Data/GithubData/GroupProject4/Team4Project/Content/Demo/ArtResource/Textures/Menu/LevelChoiceMenu/T-LvSelectBG.uasset" 2222
"E:/Data/GithubData/GroupProject4/Team4Project/Content/Demo/ArtResource/Textures/Menu/LevelChoiceMenu/T-LvSelectBG.uexp" 2223
"E:/Data/GithubData/GroupProject4/Team4Project/Content/Demo/ArtResource/Textures/Menu/SpecificLevelMenu/Card_Enemy/T-CardEnemyToxinCloud.uasset" 2224
"E:/Data/GithubData/GroupProject4/Team4Project/Content/Demo/ArtResource/Textures/Menu/SpecificLevelMenu/Card_Enemy/T-CardEnemyToxinCloud.uexp" 2225
"E:/Data/GithubData/GroupProject4/Team4Project/Content/Demo/ArtResource/Textures/Menu/SpecificLevelMenu/Card_Tower/T-CardTowerlymphocyteShooter.uasset" 2226
"E:/Data/GithubData/GroupProject4/Team4Project/Content/Demo/ArtResource/Textures/Menu/SpecificLevelMenu/Card_Tower/T-CardTowerlymphocyteShooter.uexp" 2227
"E:/Data/GithubData/GroupProject4/Team4Project/Content/Demo/ArtResource/Textures/Menu/LevelChoiceMenu/T-LvSelectStomach.uasset" 2228
"E:/Data/GithubData/GroupProject4/Team4Project/Content/Demo/ArtResource/Textures/Menu/LevelChoiceMenu/T-LvSelectStomach.uexp" 2229
"E:/Data/GithubData/GroupProject4/Team4Project/Content/Demo/ArtResource/Textures/Menu/SpecificLevelMenu/T-SelectMapCardTower.uasset" 2230
"E:/Data/GithubData/GroupProject4/Team4Project/Content/Demo/ArtResource/Textures/Menu/SpecificLevelMenu/T-SelectMapCardTower.uexp" 2231
"E:/Data/GithubData/GroupProject4/Team4Project/Content/Demo/ArtResource/Textures/Menu/LevelChoiceMenu/T-ButtonReturn.uasset" 2232
"E:/Data/GithubData/GroupProject4/Team4Project/Content/Demo/ArtResource/Textures/Menu/LevelChoiceMenu/T-ButtonReturn.uexp" 2233
"E:/Data/GithubData/GroupProject4/Team4Project/Content/Demo/ArtResource/Textures/Menu/SpecificLevelMenu/Card_Enemy/T-CardEnemy2.uasset" 2234
"E:/Data/GithubData/GroupProject4/Team4Project/Content/Demo/ArtResource/Textures/Menu/SpecificLevelMenu/Card_Enemy/T-CardEnemy2.uexp" 2235
"E:/Data/GithubData/GroupProject4/Team4Project/Content/Demo/ArtResource/Textures/Menu/SpecificLevelMenu/Card_Enemy/T-CardEnemy1.uasset" 2236
"E:/Data/GithubData/GroupProject4/Team4Project/Content/Demo/ArtResource/Textures/Menu/SpecificLevelMenu/Card_Enemy/T-CardEnemy1.uexp" 2237
"E:/Data/GithubData/GroupProject4/Team4Project/Content/Demo/ArtResource/Textures/Menu/SpecificLevelMenu/T-SelectMapBG.uasset" 2238
"E:/Data/GithubData/GroupProject4/Team4Project/Content/Demo/ArtResource/Textures/Menu/SpecificLevelMenu/T-SelectMapBG.uexp" 2239
"E:/Data/GithubData/GroupProject4/Team4Project/Content/Demo/ArtResource/Textures/Menu/SpecificLevelMenu/T-SelectMapBig_Lung.uasset" 2240
"E:/Data/GithubData/GroupProject4/Team4Project/Content/Demo/ArtResource/Textures/Menu/SpecificLevelMenu/T-SelectMapBig_Lung.uexp" 2241
"E:/Data/GithubData/GroupProject4/Team4Project/Content/Demo/ArtResource/Textures/Menu/SpecificLevelMenu/Card_Enemy/T-CardEnemyBG.uasset" 2242
"E:/Data/GithubData/GroupProject4/Team4Project/Content/Demo/ArtResource/Textures/Menu/SpecificLevelMenu/Card_Enemy/T-CardEnemyBG.uexp" 2243
"E:/Data/GithubData/GroupProject4/Team4Project/Content/Demo/ArtResource/Textures/Menu/SpecificLevelMenu/WBP_CardDetail.uasset" 2244
"E:/Data/GithubData/GroupProject4/Team4Project/Content/Demo/ArtResource/Textures/Menu/SpecificLevelMenu/WBP_CardDetail.uexp" 2245
"E:/Data/GithubData/GroupProject4/Team4Project/Content/Demo/ArtResource/Textures/Menu/LevelChoiceMenu/T-LvSelectLung.uasset" 2246
"E:/Data/GithubData/GroupProject4/Team4Project/Content/Demo/ArtResource/Textures/Menu/LevelChoiceMenu/T-LvSelectLung.uexp" 2247
"E:/Data/GithubData/GroupProject4/Team4Project/Content/Demo/ArtResource/Textures/Menu/SpecificLevelMenu/Card_Tower/T-cardEPTOWER.uasset" 2248
"E:/Data/GithubData/GroupProject4/Team4Project/Content/Demo/ArtResource/Textures/Menu/SpecificLevelMenu/Card_Tower/T-cardEPTOWER.uexp" 2249
"E:/Data/GithubData/GroupProject4/Team4Project/Content/Demo/ArtResource/Textures/Menu/LevelChoiceMenu/T-LvSelectIntestines.uasset" 2250
"E:/Data/GithubData/GroupProject4/Team4Project/Content/Demo/ArtResource/Textures/Menu/LevelChoiceMenu/T-LvSelectIntestines.uexp" 2251
"E:/Data/GithubData/GroupProject4/Team4Project/Content/Demo/ArtResource/Textures/Menu/SpecificLevelMenu/Card_Tower/T-CardTowerAntibioticstheCapsule.uasset" 2252
"E:/Data/GithubData/GroupProject4/Team4Project/Content/Demo/ArtResource/Textures/Menu/SpecificLevelMenu/Card_Tower/T-CardTowerAntibioticstheCapsule.uexp" 2253
"E:/Data/GithubData/GroupProject4/Team4Project/Content/Demo/ArtResource/Textures/Menu/SpecificLevelMenu/T_Selection1_Liver.uasset" 2254
"E:/Data/GithubData/GroupProject4/Team4Project/Content/Demo/ArtResource/Textures/Menu/SpecificLevelMenu/T_Selection1_Liver.uexp" 2255
"E:/Data/GithubData/GroupProject4/Team4Project/Content/Demo/ArtResource/Textures/Menu/LevelChoiceMenu/T-LvSelectBingliben.uasset" 2256
"E:/Data/GithubData/GroupProject4/Team4Project/Content/Demo/ArtResource/Textures/Menu/LevelChoiceMenu/T-LvSelectBingliben.uexp" 2257
"E:/Data/GithubData/GroupProject4/Team4Project/Content/Demo/ArtResource/Textures/Menu/LevelChoiceMenu/T-LvSelectHeart.uasset" 2258
"E:/Data/GithubData/GroupProject4/Team4Project/Content/Demo/ArtResource/Textures/Menu/LevelChoiceMenu/T-LvSelectHeart.uexp" 2259
"E:/Data/GithubData/GroupProject4/Team4Project/Content/Demo/ArtResource/Textures/Menu/SpecificLevelMenu/T-SelectMapBig_Liver.uasset" 2260
"E:/Data/GithubData/GroupProject4/Team4Project/Content/Demo/ArtResource/Textures/Menu/SpecificLevelMenu/T-SelectMapBig_Liver.uexp" 2261
"E:/Data/GithubData/GroupProject4/Team4Project/Content/Demo/ArtResource/Textures/Menu/SpecificLevelMenu/Card_Tower/qiang.uasset" 2262
"E:/Data/GithubData/GroupProject4/Team4Project/Content/Demo/ArtResource/Textures/Menu/SpecificLevelMenu/Card_Tower/qiang.uexp" 2263
"E:/Data/GithubData/GroupProject4/Team4Project/Content/Demo/ArtResource/Textures/Menu/SpecificLevelMenu/Card_Tower/T-cardPOOL.uasset" 2264
"E:/Data/GithubData/GroupProject4/Team4Project/Content/Demo/ArtResource/Textures/Menu/SpecificLevelMenu/Card_Tower/T-cardPOOL.uexp" 2265
"E:/Data/GithubData/GroupProject4/Team4Project/Content/BluePrint/Core/Menu/Widget/WBP_DebugLevelMenu.uasset" 2266
"E:/Data/GithubData/GroupProject4/Team4Project/Content/BluePrint/Core/Menu/Widget/WBP_DebugLevelMenu.uexp" 2267
"E:/Data/GithubData/GroupProject4/Team4Project/Content/BluePrint/Core/Menu/BP_LevelMenu.uasset" 2268
"E:/Data/GithubData/GroupProject4/Team4Project/Content/BluePrint/Core/Menu/BP_LevelMenu.uexp" 2269
"E:/Data/GithubData/GroupProject4/Team4Project/Content/Demo/Map/L_LevelMenu.uexp" 2270
"E:/Data/GithubData/GroupProject4/Team4Project/Content/Demo/Map/L_LevelMenu.umap" 2271
"../../../Engine/Content/BasicShapes/Cube.ubulk" 2272
"../../../Engine/Content/BasicShapes/Cube.uasset" 2273
"../../../Engine/Content/BasicShapes/Cube.uexp" 2274
"E:/Data/GithubData/GroupProject4/Team4Project/Content/Demo/ArtResource/Map/Level2/map2_mul.ubulk" 2275
"E:/Data/GithubData/GroupProject4/Team4Project/Content/Demo/ArtResource/Map/Level2/map2_mul.uasset" 2276
"E:/Data/GithubData/GroupProject4/Team4Project/Content/Demo/ArtResource/Map/Level2/map2_mul.uexp" 2277
"E:/Data/GithubData/GroupProject4/Team4Project/Content/Demo/Map/_GENERATED/13903/SM_Level2WhiteBox.ubulk" 2278
"E:/Data/GithubData/GroupProject4/Team4Project/Content/Demo/Map/_GENERATED/13903/SM_Level2WhiteBox.uasset" 2279
"E:/Data/GithubData/GroupProject4/Team4Project/Content/Demo/Map/_GENERATED/13903/SM_Level2WhiteBox.uexp" 2280
"E:/Data/GithubData/GroupProject4/Team4Project/Content/Demo/ArtResource/Map/Level2/Material_BaseColor.ubulk" 2281
"E:/Data/GithubData/GroupProject4/Team4Project/Content/Demo/ArtResource/Map/Level2/Material_BaseColor.uasset" 2282
"E:/Data/GithubData/GroupProject4/Team4Project/Content/Demo/ArtResource/Map/Level2/Material_BaseColor.uexp" 2283
"E:/Data/GithubData/GroupProject4/Team4Project/Content/Demo/ArtResource/Map/Level2/Material_Normal.ubulk" 2284
"E:/Data/GithubData/GroupProject4/Team4Project/Content/Demo/ArtResource/Map/Level2/Material_Normal.uasset" 2285
"E:/Data/GithubData/GroupProject4/Team4Project/Content/Demo/ArtResource/Map/Level2/Material_Normal.uexp" 2286
"E:/Data/GithubData/GroupProject4/Team4Project/Content/Demo/ArtResource/Map/Level2/Material_Roughness.ubulk" 2287
"E:/Data/GithubData/GroupProject4/Team4Project/Content/Demo/ArtResource/Map/Level2/Material_Roughness.uasset" 2288
"E:/Data/GithubData/GroupProject4/Team4Project/Content/Demo/ArtResource/Map/Level2/Material_Roughness.uexp" 2289
"E:/Data/GithubData/GroupProject4/Team4Project/Content/Demo/ArtResource/Map/Level2/Material_Metallic.ubulk" 2290
"E:/Data/GithubData/GroupProject4/Team4Project/Content/Demo/ArtResource/Map/Level2/Material_Metallic.uasset" 2291
"E:/Data/GithubData/GroupProject4/Team4Project/Content/Demo/ArtResource/Map/Level2/Material_Metallic.uexp" 2292
"E:/Data/GithubData/GroupProject4/Team4Project/Content/Demo/ArtResource/Map/Level2/MA_YX_level2.uasset" 2293
"E:/Data/GithubData/GroupProject4/Team4Project/Content/Demo/ArtResource/Map/Level2/MA_YX_level2.uexp" 2294
"E:/Data/GithubData/GroupProject4/Team4Project/Content/Demo/ArtResource/Textures/Menu/Combat/T_MapInCombat_Lung_Level1.ubulk" 2295
"E:/Data/GithubData/GroupProject4/Team4Project/Content/Demo/ArtResource/Textures/Menu/Combat/T_MapInCombat_Lung_Level1.uasset" 2296
"E:/Data/GithubData/GroupProject4/Team4Project/Content/Demo/ArtResource/Textures/Menu/Combat/T_MapInCombat_Lung_Level1.uexp" 2297
"E:/Data/GithubData/GroupProject4/Team4Project/Content/Demo/ArtResource/Textures/Menu/Combat/T_MapInCombat_Lung_Level1_Sprite.uasset" 2298
"E:/Data/GithubData/GroupProject4/Team4Project/Content/Demo/ArtResource/Textures/Menu/Combat/T_MapInCombat_Lung_Level1_Sprite.uexp" 2299
"E:/Data/GithubData/GroupProject4/Team4Project/Content/BluePrint/Core/Combat/BP_SpriteMapForMapCamera.uasset" 2300
"E:/Data/GithubData/GroupProject4/Team4Project/Content/BluePrint/Core/Combat/BP_SpriteMapForMapCamera.uexp" 2301
"E:/Data/GithubData/GroupProject4/Team4Project/Content/BluePrint/Core/Combat/BP_MapSceneCamera.uasset" 2302
"E:/Data/GithubData/GroupProject4/Team4Project/Content/BluePrint/Core/Combat/BP_MapSceneCamera.uexp" 2303
"E:/Data/GithubData/GroupProject4/Team4Project/Content/Demo/ArtResource/Textures/Menu/Combat/T_MapInCombat_Liver_Level2.ubulk" 2304
"E:/Data/GithubData/GroupProject4/Team4Project/Content/Demo/ArtResource/Textures/Menu/Combat/T_MapInCombat_Liver_Level2.uasset" 2305
"E:/Data/GithubData/GroupProject4/Team4Project/Content/Demo/ArtResource/Textures/Menu/Combat/T_MapInCombat_Liver_Level2.uexp" 2306
"E:/Data/GithubData/GroupProject4/Team4Project/Content/Demo/ArtResource/Textures/Menu/Combat/T_MapInCombat_Liver_Level2_Sprite.uasset" 2307
"E:/Data/GithubData/GroupProject4/Team4Project/Content/Demo/ArtResource/Textures/Menu/Combat/T_MapInCombat_Liver_Level2_Sprite.uexp" 2308
"../../../Engine/Content/BasicShapes/BasicShapeMaterial.uasset" 2309
"../../../Engine/Content/BasicShapes/BasicShapeMaterial.uexp" 2310
"E:/Data/GithubData/GroupProject4/Team4Project/Content/Demo/Map/L_Level2.uexp" 2311
"E:/Data/GithubData/GroupProject4/Team4Project/Content/Demo/Map/L_Level2.umap" 2312
"E:/Data/GithubData/GroupProject4/Team4Project/Content/Demo/ArtResource/Material/M_world.uasset" 2313
"E:/Data/GithubData/GroupProject4/Team4Project/Content/Demo/ArtResource/Material/M_world.uexp" 2314
"E:/Data/GithubData/GroupProject4/Team4Project/Content/Demo/ArtResource/Material/M_world_Inst.uasset" 2315
"E:/Data/GithubData/GroupProject4/Team4Project/Content/Demo/ArtResource/Material/M_world_Inst.uexp" 2316
"../../../Engine/Content/MapTemplates/Sky/DaylightAmbientCubemap.uasset" 2317
"../../../Engine/Content/MapTemplates/Sky/DaylightAmbientCubemap.uexp" 2318
"E:/Data/GithubData/GroupProject4/Team4Project/Content/Demo/Map/_GENERATED/13903/SM_Level1WhiteBox.ubulk" 2319
"E:/Data/GithubData/GroupProject4/Team4Project/Content/Demo/Map/_GENERATED/13903/SM_Level1WhiteBox.uasset" 2320
"E:/Data/GithubData/GroupProject4/Team4Project/Content/Demo/Map/_GENERATED/13903/SM_Level1WhiteBox.uexp" 2321
"E:/Data/GithubData/GroupProject4/Team4Project/Content/Demo/Map/_GENERATED/13903/SM_Level1Roof.ubulk" 2322
"E:/Data/GithubData/GroupProject4/Team4Project/Content/Demo/Map/_GENERATED/13903/SM_Level1Roof.uasset" 2323
"E:/Data/GithubData/GroupProject4/Team4Project/Content/Demo/Map/_GENERATED/13903/SM_Level1Roof.uexp" 2324
"E:/Data/GithubData/GroupProject4/Team4Project/Content/Demo/ArtResource/Map/Level1/T_Biomass_Ground_Norm.ubulk" 2325
"E:/Data/GithubData/GroupProject4/Team4Project/Content/Demo/ArtResource/Map/Level1/T_Biomass_Ground_Norm.uasset" 2326
"E:/Data/GithubData/GroupProject4/Team4Project/Content/Demo/ArtResource/Map/Level1/T_Biomass_Ground_Norm.uexp" 2327
"E:/Data/GithubData/GroupProject4/Team4Project/Content/Demo/ArtResource/Map/Level1/T_Biomass_Ground_Dif.ubulk" 2328
"E:/Data/GithubData/GroupProject4/Team4Project/Content/Demo/ArtResource/Map/Level1/T_Biomass_Ground_Dif.uasset" 2329
"E:/Data/GithubData/GroupProject4/Team4Project/Content/Demo/ArtResource/Map/Level1/T_Biomass_Ground_Dif.uexp" 2330
"E:/Data/GithubData/GroupProject4/Team4Project/Content/Demo/ArtResource/Map/Level1/MA_YX_Blend_Inst.uasset" 2331
"E:/Data/GithubData/GroupProject4/Team4Project/Content/Demo/ArtResource/Map/Level1/MA_YX_Blend_Inst.uexp" 2332
"E:/Data/GithubData/GroupProject4/Team4Project/Content/Demo/ArtResource/Map/Level1/map_1_2.ubulk" 2333
"E:/Data/GithubData/GroupProject4/Team4Project/Content/Demo/ArtResource/Map/Level1/map_1_2.uasset" 2334
"E:/Data/GithubData/GroupProject4/Team4Project/Content/Demo/ArtResource/Map/Level1/map_1_2.uexp" 2335
"E:/Data/GithubData/GroupProject4/Team4Project/Content/Demo/ArtResource/Map/Level1/T_Biomass_Ground_Decal.ubulk" 2336
"E:/Data/GithubData/GroupProject4/Team4Project/Content/Demo/ArtResource/Map/Level1/T_Biomass_Ground_Decal.uasset" 2337
"E:/Data/GithubData/GroupProject4/Team4Project/Content/Demo/ArtResource/Map/Level1/T_Biomass_Ground_Decal.uexp" 2338
"E:/Data/GithubData/GroupProject4/Team4Project/Content/Demo/ArtResource/Map/Level1/M_ground_decal.uasset" 2339
"E:/Data/GithubData/GroupProject4/Team4Project/Content/Demo/ArtResource/Map/Level1/M_ground_decal.uexp" 2340
"E:/Data/GithubData/GroupProject4/Team4Project/Content/Demo/ArtResource/Map/Level1/M_ground_decal_Inst.uasset" 2341
"E:/Data/GithubData/GroupProject4/Team4Project/Content/Demo/ArtResource/Map/Level1/M_ground_decal_Inst.uexp" 2342
"E:/Data/GithubData/GroupProject4/Team4Project/Content/Demo/Map/L_Level1.uexp" 2343
"E:/Data/GithubData/GroupProject4/Team4Project/Content/Demo/Map/L_Level1.umap" 2344
